"year"," month","carrier","carrier_name","airport","airport_name","arr_flights","arr_del15","carrier_ct"," weather_ct","nas_ct","security_ct","late_aircraft_ct","arr_cancelled","arr_diverted"," arr_delay"," carrier_delay","weather_delay","nas_delay","security_delay","late_aircraft_delay",
2016,5,"VX","Virgin America","SFO","San Francisco, CA: San Francisco International",1769.00,485.00,67.63,17.35,274.05,1.32,124.64,19.00,1.00,30307.00,4686.00,1033.00,17109.00,34.00,7445.00,
2016,5,"VX","Virgin America","LAS","Las Vegas, NV: McCarran International",426.00,97.00,13.49,3.15,18.41,0.00,61.95,4.00,0.00,5743.00,981.00,183.00,965.00,0.00,3614.00,
2016,5,"VX","Virgin America","LAX","Los Angeles, CA: Los Angeles International",1161.00,235.00,84.38,14.04,44.58,1.18,90.82,11.00,1.00,11866.00,4228.00,495.00,1320.00,30.00,5793.00,
2016,5,"VX","Virgin America","ORD","Chicago, IL: Chicago O'Hare International",149.00,26.00,5.62,2.38,7.08,0.00,10.92,0.00,0.00,906.00,171.00,106.00,210.00,0.00,419.00,
2016,5,"VX","Virgin America","AUS","Austin, TX: Austin - Bergstrom International",58.00,14.00,1.95,0.73,1.50,1.00,8.82,0.00,1.00,498.00,86.00,16.00,39.00,15.00,342.00,
2016,5,"VX","Virgin America","PDX","Portland, OR: Portland International",89.00,19.00,3.16,0.00,0.94,0.00,14.90,0.00,0.00,1478.00,155.00,0.00,46.00,0.00,1277.00,
2016,5,"VX","Virgin America","JFK","New York, NY: John F. Kennedy International",362.00,76.00,18.50,9.99,16.06,0.00,31.46,0.00,0.00,4050.00,1034.00,281.00,780.00,0.00,1955.00,
2016,5,"VX","Virgin America","DCA","Washington, DC: Ronald Reagan Washington National",114.00,31.00,11.70,4.90,7.58,1.09,5.73,0.00,3.00,1167.00,460.00,136.00,280.00,22.00,269.00,
2016,5,"VX","Virgin America","MCO","Orlando, FL: Orlando International",31.00,5.00,1.93,0.07,2.00,0.00,1.00,0.00,0.00,378.00,271.00,17.00,74.00,0.00,16.00,
2016,5,"VX","Virgin America","FLL","Fort Lauderdale, FL: Fort Lauderdale-Hollywood International",78.00,9.00,3.91,0.87,1.00,0.00,3.21,0.00,0.00,400.00,179.00,36.00,81.00,0.00,104.00,
2016,5,"VX","Virgin America","BOS","Boston, MA: Logan International",173.00,31.00,12.19,5.83,6.48,0.00,6.51,0.00,0.00,1477.00,811.00,162.00,162.00,0.00,342.00,
2016,5,"VX","Virgin America","SAN","San Diego, CA: San Diego International",171.00,41.00,6.94,0.03,1.22,0.27,32.54,2.00,0.00,2143.00,351.00,1.00,55.00,4.00,1732.00,
2016,5,"VX","Virgin America","OGG","Kahului, HI: Kahului Airport",31.00,4.00,0.25,0.00,1.00,0.00,2.75,0.00,0.00,135.00,7.00,0.00,15.00,0.00,113.00,
2016,5,"VX","Virgin America","HNL","Honolulu, HI: Daniel K Inouye International",58.00,7.00,3.76,0.96,0.41,0.00,1.87,0.00,0.00,313.00,152.00,25.00,27.00,0.00,109.00,
2016,5,"VX","Virgin America","PSP","Palm Springs, CA: Palm Springs International",18.00,5.00,0.69,0.00,0.00,0.00,4.31,0.00,0.00,337.00,50.00,0.00,0.00,0.00,287.00,
2016,5,"VX","Virgin America","IAD","Washington, DC: Washington Dulles International",137.00,14.00,4.02,2.00,2.08,0.00,5.89,1.00,0.00,830.00,352.00,43.00,45.00,0.00,390.00,
2016,5,"VX","Virgin America","DAL","Dallas, TX: Dallas Love Field",428.00,85.00,16.64,7.32,17.44,0.03,43.57,1.00,6.00,4709.00,1053.00,312.00,755.00,1.00,2588.00,
2016,5,"VX","Virgin America","LGA","New York, NY: LaGuardia",111.00,41.00,6.29,6.01,25.44,0.82,2.43,0.00,0.00,2131.00,594.00,254.00,1073.00,16.00,194.00,
2016,5,"VX","Virgin America","SEA","Seattle, WA: Seattle/Tacoma International",221.00,32.00,6.34,1.35,7.32,0.00,16.99,1.00,0.00,1602.00,549.00,24.00,202.00,0.00,827.00,
2016,5,"VX","Virgin America","DEN","Denver, CO: Denver International",88.00,16.00,2.82,1.13,0.78,0.00,11.27,0.00,0.00,768.00,96.00,95.00,21.00,0.00,556.00,
2016,5,"VX","Virgin America","EWR","Newark, NJ: Newark Liberty International",174.00,38.00,8.57,2.00,10.02,0.00,17.41,1.00,0.00,1962.00,465.00,61.00,493.00,0.00,943.00,
2016,6,"VX","Virgin America","LAX","Los Angeles, CA: Los Angeles International",1186.00,367.00,111.04,21.90,120.44,2.31,111.31,17.00,1.00,18855.00,5974.00,806.00,5416.00,175.00,6484.00,
2016,6,"VX","Virgin America","SAN","San Diego, CA: San Diego International",171.00,43.00,9.16,0.03,9.41,0.00,24.39,2.00,0.00,1742.00,407.00,2.00,230.00,0.00,1103.00,
2016,6,"VX","Virgin America","SFO","San Francisco, CA: San Francisco International",1782.00,422.00,73.06,24.11,115.63,2.29,206.92,25.00,0.00,21999.00,4669.00,1030.00,6049.00,213.00,10038.00,
2016,6,"VX","Virgin America","JFK","New York, NY: John F. Kennedy International",352.00,101.00,26.72,9.73,32.68,0.80,31.07,3.00,1.00,5144.00,1066.00,404.00,2035.00,12.00,1627.00,
2016,6,"VX","Virgin America","BOS","Boston, MA: Logan International",198.00,38.00,11.81,8.23,6.86,0.00,11.10,1.00,1.00,1468.00,497.00,195.00,284.00,0.00,492.00,
2016,6,"VX","Virgin America","EWR","Newark, NJ: Newark Liberty International",180.00,63.00,11.79,4.70,24.98,0.00,21.53,3.00,0.00,3504.00,358.00,317.00,1580.00,0.00,1249.00,
2016,6,"VX","Virgin America","SEA","Seattle, WA: Seattle/Tacoma International",224.00,48.00,5.53,2.57,24.29,0.00,15.61,7.00,0.00,2424.00,389.00,74.00,892.00,0.00,1069.00,
2016,6,"VX","Virgin America","ORD","Chicago, IL: Chicago O'Hare International",147.00,38.00,12.85,4.13,11.33,0.00,9.70,0.00,0.00,2007.00,805.00,171.00,583.00,0.00,448.00,
2016,6,"VX","Virgin America","AUS","Austin, TX: Austin - Bergstrom International",56.00,11.00,3.45,0.00,0.00,0.00,7.55,0.00,1.00,894.00,247.00,0.00,0.00,0.00,647.00,
2016,6,"VX","Virgin America","PDX","Portland, OR: Portland International",86.00,26.00,8.58,0.00,3.65,0.00,13.77,0.00,0.00,908.00,324.00,0.00,110.00,0.00,474.00,
2016,6,"VX","Virgin America","LAS","Las Vegas, NV: McCarran International",416.00,88.00,18.73,3.06,21.72,1.89,42.60,6.00,3.00,4972.00,657.00,93.00,1487.00,161.00,2574.00,
2016,6,"VX","Virgin America","DCA","Washington, DC: Ronald Reagan Washington National",112.00,32.00,8.39,6.18,5.96,1.57,9.90,1.00,2.00,1645.00,496.00,284.00,290.00,231.00,344.00,
2016,6,"VX","Virgin America","MCO","Orlando, FL: Orlando International",30.00,5.00,3.93,0.00,0.13,0.00,0.94,0.00,1.00,231.00,207.00,0.00,9.00,0.00,15.00,
2016,6,"VX","Virgin America","FLL","Fort Lauderdale, FL: Fort Lauderdale-Hollywood International",90.00,37.00,15.22,1.84,4.64,1.00,14.30,0.00,0.00,1392.00,522.00,39.00,141.00,31.00,659.00,
2016,6,"VX","Virgin America","OGG","Kahului, HI: Kahului Airport",50.00,5.00,2.00,0.60,0.40,0.00,2.00,0.00,0.00,244.00,36.00,12.00,8.00,0.00,188.00,
2016,6,"VX","Virgin America","HNL","Honolulu, HI: Daniel K Inouye International",60.00,14.00,9.00,0.57,0.60,0.00,3.82,0.00,0.00,470.00,331.00,22.00,12.00,0.00,105.00,
2016,6,"VX","Virgin America","IAD","Washington, DC: Washington Dulles International",152.00,30.00,8.29,0.07,12.86,0.00,8.77,0.00,1.00,1108.00,295.00,6.00,420.00,0.00,387.00,
2016,6,"VX","Virgin America","DAL","Dallas, TX: Dallas Love Field",416.00,115.00,39.44,15.56,23.92,0.00,36.08,3.00,4.00,6541.00,1827.00,787.00,1216.00,0.00,2711.00,
2016,6,"VX","Virgin America","LGA","New York, NY: LaGuardia",108.00,34.00,1.90,3.41,20.86,2.00,5.83,0.00,0.00,2209.00,125.00,102.00,1337.00,284.00,361.00,
2016,6,"VX","Virgin America","PSP","Palm Springs, CA: Palm Springs International",17.00,3.00,0.59,0.00,0.46,0.00,1.94,0.00,0.00,150.00,31.00,0.00,32.00,0.00,87.00,
2016,6,"VX","Virgin America","DEN","Denver, CO: Denver International",86.00,18.00,6.71,0.24,2.85,0.00,8.20,3.00,0.00,814.00,365.00,12.00,112.00,0.00,325.00,
2016,7,"VX","Virgin America","LAX","Los Angeles, CA: Los Angeles International",1253.00,334.00,98.36,18.26,101.68,1.36,114.34,7.00,1.00,16407.00,4524.00,578.00,3945.00,86.00,7274.00,
2016,7,"VX","Virgin America","SAN","San Diego, CA: San Diego International",164.00,32.00,5.76,0.00,1.64,0.00,24.60,1.00,0.00,1930.00,303.00,0.00,63.00,0.00,1564.00,
2016,7,"VX","Virgin America","SFO","San Francisco, CA: San Francisco International",1807.00,430.00,88.20,19.79,156.78,0.18,165.04,13.00,3.00,23740.00,4670.00,883.00,9390.00,5.00,8792.00,
2016,7,"VX","Virgin America","JFK","New York, NY: John F. Kennedy International",359.00,109.00,17.30,9.04,55.92,1.00,25.73,0.00,2.00,7554.00,1010.00,332.00,4816.00,25.00,1371.00,
2016,7,"VX","Virgin America","OGG","Kahului, HI: Kahului Airport",67.00,3.00,2.00,0.00,0.00,0.00,1.00,0.00,0.00,60.00,44.00,0.00,0.00,0.00,16.00,
2016,7,"VX","Virgin America","BOS","Boston, MA: Logan International",198.00,36.00,10.15,4.00,12.17,0.00,9.68,0.00,0.00,1648.00,513.00,105.00,617.00,0.00,413.00,
2016,7,"VX","Virgin America","EWR","Newark, NJ: Newark Liberty International",200.00,50.00,8.94,6.41,24.61,0.00,10.04,0.00,3.00,3719.00,373.00,323.00,2363.00,0.00,660.00,
2016,7,"VX","Virgin America","SEA","Seattle, WA: Seattle/Tacoma International",227.00,47.00,10.21,1.40,14.12,0.00,21.26,2.00,2.00,2277.00,673.00,38.00,552.00,0.00,1014.00,
2016,7,"VX","Virgin America","ORD","Chicago, IL: Chicago O'Hare International",148.00,44.00,14.48,6.90,8.97,0.00,13.65,0.00,1.00,2110.00,549.00,396.00,533.00,0.00,632.00,
2016,7,"VX","Virgin America","AUS","Austin, TX: Austin - Bergstrom International",57.00,11.00,4.00,0.30,0.06,0.00,6.64,0.00,0.00,854.00,607.00,9.00,2.00,0.00,236.00,
2016,7,"VX","Virgin America","PDX","Portland, OR: Portland International",88.00,18.00,5.61,1.14,2.18,0.13,8.94,0.00,0.00,1061.00,400.00,19.00,69.00,14.00,559.00,
2016,7,"VX","Virgin America","LAS","Las Vegas, NV: McCarran International",429.00,93.00,26.21,1.32,10.03,0.00,55.44,4.00,0.00,5234.00,1593.00,70.00,354.00,0.00,3217.00,
2016,7,"VX","Virgin America","DCA","Washington, DC: Ronald Reagan Washington National",114.00,24.00,5.36,4.99,11.68,0.00,1.97,1.00,3.00,1109.00,229.00,190.00,588.00,0.00,102.00,
2016,7,"VX","Virgin America","MCO","Orlando, FL: Orlando International",31.00,4.00,3.00,0.00,1.00,0.00,0.00,0.00,0.00,153.00,131.00,0.00,22.00,0.00,0.00,
2016,7,"VX","Virgin America","FLL","Fort Lauderdale, FL: Fort Lauderdale-Hollywood International",91.00,31.00,8.50,3.52,3.89,0.00,15.09,0.00,0.00,962.00,279.00,76.00,113.00,0.00,494.00,
2016,7,"VX","Virgin America","HNL","Honolulu, HI: Daniel K Inouye International",62.00,6.00,3.07,1.28,0.40,0.00,1.25,0.00,0.00,108.00,56.00,25.00,8.00,0.00,19.00,
2016,7,"VX","Virgin America","PSP","Palm Springs, CA: Palm Springs International",18.00,7.00,1.04,0.00,0.81,0.00,5.14,0.00,0.00,243.00,38.00,0.00,31.00,0.00,174.00,
2016,7,"VX","Virgin America","IAD","Washington, DC: Washington Dulles International",166.00,27.00,12.35,2.04,7.46,0.00,5.16,0.00,1.00,1186.00,487.00,88.00,342.00,0.00,269.00,
2016,7,"VX","Virgin America","DAL","Dallas, TX: Dallas Love Field",425.00,93.00,27.60,12.59,23.47,0.00,29.34,3.00,1.00,6373.00,1955.00,717.00,1193.00,0.00,2508.00,
2016,7,"VX","Virgin America","LGA","New York, NY: LaGuardia",109.00,36.00,4.49,2.24,25.61,0.00,3.66,1.00,2.00,3126.00,422.00,134.00,2439.00,0.00,131.00,
2016,7,"VX","Virgin America","DEN","Denver, CO: Denver International",87.00,12.00,1.06,1.36,0.00,0.00,9.58,0.00,0.00,755.00,81.00,61.00,0.00,0.00,613.00,
2016,8,"VX","Virgin America","LAS","Las Vegas, NV: McCarran International",396.00,69.00,18.11,0.38,8.79,0.00,41.71,2.00,0.00,2664.00,869.00,9.00,253.00,0.00,1533.00,
2016,8,"VX","Virgin America","SFO","San Francisco, CA: San Francisco International",1837.00,527.00,68.45,19.20,259.74,1.03,178.57,4.00,0.00,27407.00,4003.00,536.00,13575.00,57.00,9236.00,
2016,8,"VX","Virgin America","LAX","Los Angeles, CA: Los Angeles International",1269.00,316.00,73.99,23.52,113.64,2.11,102.73,5.00,2.00,14158.00,3300.00,714.00,4354.00,86.00,5704.00,
2016,8,"VX","Virgin America","OGG","Kahului, HI: Kahului Airport",65.00,5.00,2.50,0.57,0.00,0.00,1.93,0.00,0.00,113.00,61.00,12.00,0.00,0.00,40.00,
2016,8,"VX","Virgin America","HNL","Honolulu, HI: Daniel K Inouye International",62.00,7.00,1.36,1.85,2.28,0.00,1.50,0.00,0.00,128.00,27.00,31.00,44.00,0.00,26.00,
2016,8,"VX","Virgin America","PSP","Palm Springs, CA: Palm Springs International",17.00,9.00,2.00,0.03,0.17,0.00,6.81,0.00,0.00,336.00,59.00,1.00,11.00,0.00,265.00,
2016,8,"VX","Virgin America","IAD","Washington, DC: Washington Dulles International",172.00,33.00,10.71,2.74,5.59,0.84,13.12,1.00,0.00,1403.00,397.00,80.00,311.00,52.00,563.00,
2016,8,"VX","Virgin America","DAL","Dallas, TX: Dallas Love Field",371.00,79.00,17.01,9.79,18.53,0.00,33.67,2.00,1.00,5316.00,1457.00,293.00,1140.00,0.00,2426.00,
2016,8,"VX","Virgin America","DCA","Washington, DC: Ronald Reagan Washington National",116.00,23.00,7.01,5.14,8.72,0.00,2.14,2.00,1.00,935.00,267.00,184.00,406.00,0.00,78.00,
2016,8,"VX","Virgin America","SEA","Seattle, WA: Seattle/Tacoma International",232.00,63.00,11.49,1.53,23.73,0.00,26.25,0.00,0.00,2459.00,371.00,40.00,703.00,0.00,1345.00,
2016,8,"VX","Virgin America","LGA","New York, NY: LaGuardia",81.00,27.00,4.53,0.45,19.27,0.00,2.75,1.00,0.00,1895.00,237.00,23.00,1489.00,0.00,146.00,
2016,8,"VX","Virgin America","PDX","Portland, OR: Portland International",89.00,15.00,5.45,0.06,1.17,0.00,8.32,0.00,0.00,839.00,343.00,3.00,55.00,0.00,438.00,
2016,8,"VX","Virgin America","DEN","Denver, CO: Denver International",89.00,22.00,1.98,2.25,1.61,0.00,16.16,0.00,1.00,894.00,62.00,63.00,51.00,0.00,718.00,
2016,8,"VX","Virgin America","SAN","San Diego, CA: San Diego International",178.00,47.00,10.10,0.03,0.65,0.00,36.23,0.00,0.00,2535.00,538.00,2.00,37.00,0.00,1958.00,
2016,8,"VX","Virgin America","JFK","New York, NY: John F. Kennedy International",364.00,106.00,28.82,9.92,52.46,1.00,13.79,0.00,0.00,6262.00,1792.00,290.00,3602.00,32.00,546.00,
2016,8,"VX","Virgin America","BOS","Boston, MA: Logan International",204.00,42.00,9.43,8.51,15.83,1.00,7.24,0.00,0.00,1535.00,505.00,169.00,584.00,27.00,250.00,
2016,8,"VX","Virgin America","EWR","Newark, NJ: Newark Liberty International",196.00,62.00,13.72,3.41,28.08,1.00,15.79,0.00,0.00,3250.00,562.00,124.00,1574.00,92.00,898.00,
2016,8,"VX","Virgin America","ORD","Chicago, IL: Chicago O'Hare International",151.00,44.00,10.51,7.51,17.80,0.00,8.18,0.00,1.00,2112.00,667.00,254.00,878.00,0.00,313.00,
2016,8,"VX","Virgin America","AUS","Austin, TX: Austin - Bergstrom International",58.00,19.00,1.77,0.08,0.73,0.00,16.42,0.00,0.00,923.00,120.00,4.00,19.00,0.00,780.00,
2016,8,"VX","Virgin America","MCO","Orlando, FL: Orlando International",31.00,9.00,5.06,0.00,3.02,0.00,0.92,0.00,0.00,372.00,237.00,0.00,88.00,0.00,47.00,
2016,8,"VX","Virgin America","FLL","Fort Lauderdale, FL: Fort Lauderdale-Hollywood International",93.00,37.00,9.22,7.93,3.73,0.00,16.13,0.00,1.00,1460.00,331.00,254.00,86.00,0.00,789.00,
2016,9,"VX","Virgin America","AUS","Austin, TX: Austin - Bergstrom International",56.00,10.00,0.42,0.84,1.27,0.00,7.48,0.00,0.00,664.00,8.00,27.00,75.00,0.00,554.00,
2016,9,"VX","Virgin America","BOS","Boston, MA: Logan International",145.00,30.00,6.37,9.04,10.04,1.57,2.99,0.00,0.00,1119.00,220.00,221.00,534.00,39.00,105.00,
2016,9,"VX","Virgin America","DAL","Dallas, TX: Dallas Love Field",418.00,66.00,17.07,3.96,20.88,1.00,23.09,2.00,0.00,3031.00,640.00,122.00,629.00,31.00,1609.00,
2016,9,"VX","Virgin America","DCA","Washington, DC: Ronald Reagan Washington National",112.00,18.00,4.90,4.88,3.14,0.00,5.08,0.00,0.00,586.00,205.00,137.00,66.00,0.00,178.00,
2016,9,"VX","Virgin America","DEN","Denver, CO: Denver International",85.00,16.00,2.97,0.27,2.05,0.00,10.71,0.00,0.00,918.00,115.00,24.00,114.00,0.00,665.00,
2016,9,"VX","Virgin America","EWR","Newark, NJ: Newark Liberty International",167.00,40.00,8.39,8.43,14.30,0.00,8.88,0.00,0.00,1757.00,283.00,316.00,585.00,0.00,573.00,
2016,9,"VX","Virgin America","FLL","Fort Lauderdale, FL: Fort Lauderdale-Hollywood International",85.00,14.00,4.73,3.64,0.83,0.00,4.80,0.00,0.00,441.00,168.00,104.00,22.00,0.00,147.00,
2016,9,"VX","Virgin America","HNL","Honolulu, HI: Daniel K Inouye International",60.00,6.00,2.00,1.42,0.71,1.00,0.87,0.00,0.00,278.00,71.00,57.00,32.00,68.00,50.00,
2016,9,"VX","Virgin America","IAD","Washington, DC: Washington Dulles International",136.00,15.00,4.33,5.10,4.14,0.00,1.44,0.00,0.00,570.00,107.00,164.00,100.00,0.00,199.00,
2016,9,"VX","Virgin America","JFK","New York, NY: John F. Kennedy International",347.00,60.00,18.02,13.35,12.16,2.03,14.45,0.00,2.00,2253.00,634.00,468.00,523.00,100.00,528.00,
2016,9,"VX","Virgin America","LAS","Las Vegas, NV: McCarran International",417.00,73.00,19.44,0.04,28.54,0.00,24.99,2.00,0.00,3281.00,921.00,4.00,1134.00,0.00,1222.00,
2016,9,"VX","Virgin America","LAX","Los Angeles, CA: Los Angeles International",1169.00,221.00,57.49,16.43,78.66,1.62,66.80,4.00,0.00,10355.00,2503.00,488.00,3502.00,67.00,3795.00,
2016,9,"VX","Virgin America","LGA","New York, NY: LaGuardia",108.00,22.00,3.73,5.00,10.98,0.00,2.29,1.00,0.00,1219.00,228.00,131.00,789.00,0.00,71.00,
2016,9,"VX","Virgin America","MCO","Orlando, FL: Orlando International",30.00,6.00,5.00,0.00,1.00,0.00,0.00,0.00,0.00,455.00,438.00,0.00,17.00,0.00,0.00,
2016,9,"VX","Virgin America","OGG","Kahului, HI: Kahului Airport",60.00,2.00,1.00,0.00,1.00,0.00,0.00,0.00,0.00,51.00,18.00,0.00,33.00,0.00,0.00,
2016,9,"VX","Virgin America","ORD","Chicago, IL: Chicago O'Hare International",141.00,27.00,7.91,4.05,9.58,2.00,3.47,0.00,0.00,1212.00,455.00,128.00,298.00,100.00,231.00,
2016,9,"VX","Virgin America","PDX","Portland, OR: Portland International",83.00,12.00,4.22,2.53,2.11,0.00,3.14,0.00,0.00,628.00,259.00,59.00,79.00,0.00,231.00,
2016,9,"VX","Virgin America","PSP","Palm Springs, CA: Palm Springs International",15.00,2.00,0.00,0.00,1.00,0.00,1.00,0.00,0.00,61.00,0.00,0.00,25.00,0.00,36.00,
2016,9,"VX","Virgin America","SAN","San Diego, CA: San Diego International",170.00,27.00,7.39,0.00,5.62,0.00,13.99,0.00,0.00,1440.00,333.00,0.00,207.00,0.00,900.00,
2016,9,"VX","Virgin America","SEA","Seattle, WA: Seattle/Tacoma International",219.00,32.00,5.37,5.84,5.18,0.00,15.60,2.00,0.00,1323.00,161.00,166.00,194.00,0.00,802.00,
2016,9,"VX","Virgin America","SFO","San Francisco, CA: San Francisco International",1703.00,294.00,50.23,11.76,109.41,4.47,118.13,7.00,2.00,15852.00,2743.00,394.00,6419.00,209.00,6087.00,
2016,10,"VX","Virgin America","LAX","Los Angeles, CA: Los Angeles International",1194.00,246.00,56.43,15.72,78.30,1.32,94.23,13.00,0.00,11531.00,2499.00,663.00,2713.00,35.00,5621.00,
2016,10,"VX","Virgin America","SFO","San Francisco, CA: San Francisco International",1743.00,514.00,49.61,19.49,358.26,0.73,85.92,29.00,10.00,45298.00,2407.00,1140.00,35888.00,19.00,5844.00,
2016,10,"VX","Virgin America","JFK","New York, NY: John F. Kennedy International",357.00,52.00,12.56,5.83,13.05,0.00,20.56,0.00,1.00,2294.00,325.00,146.00,362.00,0.00,1461.00,
2016,10,"VX","Virgin America","OGG","Kahului, HI: Kahului Airport",62.00,6.00,3.58,0.70,0.80,0.00,0.92,0.00,0.00,210.00,127.00,22.00,39.00,0.00,22.00,
2016,10,"VX","Virgin America","EWR","Newark, NJ: Newark Liberty International",171.00,37.00,7.91,3.83,16.14,0.00,9.12,0.00,0.00,1519.00,299.00,93.00,653.00,0.00,474.00,
2016,10,"VX","Virgin America","SEA","Seattle, WA: Seattle/Tacoma International",223.00,44.00,7.18,1.95,8.65,0.00,26.22,4.00,0.00,2746.00,290.00,45.00,454.00,0.00,1957.00,
2016,10,"VX","Virgin America","ORD","Chicago, IL: Chicago O'Hare International",145.00,32.00,3.88,1.90,7.57,0.00,18.66,0.00,1.00,1709.00,226.00,59.00,206.00,0.00,1218.00,
2016,10,"VX","Virgin America","AUS","Austin, TX: Austin - Bergstrom International",57.00,14.00,1.41,0.10,0.26,0.00,12.23,1.00,0.00,1603.00,307.00,4.00,12.00,0.00,1280.00,
2016,10,"VX","Virgin America","PDX","Portland, OR: Portland International",83.00,20.00,2.93,0.14,2.09,0.00,14.84,0.00,0.00,1417.00,121.00,12.00,71.00,0.00,1213.00,
2016,10,"VX","Virgin America","LAS","Las Vegas, NV: McCarran International",429.00,85.00,16.78,0.20,18.84,0.00,49.18,7.00,0.00,4486.00,810.00,7.00,577.00,0.00,3092.00,
2016,10,"VX","Virgin America","DCA","Washington, DC: Ronald Reagan Washington National",114.00,11.00,4.17,1.27,4.04,0.00,1.52,1.00,0.00,735.00,328.00,219.00,142.00,0.00,46.00,
2016,10,"VX","Virgin America","MCO","Orlando, FL: Orlando International",31.00,7.00,2.17,1.77,3.07,0.00,0.00,1.00,0.00,357.00,270.00,34.00,53.00,0.00,0.00,
2016,10,"VX","Virgin America","FLL","Fort Lauderdale, FL: Fort Lauderdale-Hollywood International",89.00,25.00,8.23,3.25,6.31,1.00,6.21,3.00,2.00,888.00,265.00,66.00,273.00,69.00,215.00,
2016,10,"VX","Virgin America","BOS","Boston, MA: Logan International",141.00,38.00,15.26,5.98,11.60,0.00,5.16,0.00,0.00,1057.00,404.00,130.00,377.00,0.00,146.00,
2016,10,"VX","Virgin America","SAN","San Diego, CA: San Diego International",176.00,41.00,3.74,0.23,6.94,0.00,30.09,4.00,0.00,3129.00,313.00,5.00,225.00,0.00,2586.00,
2016,10,"VX","Virgin America","HNL","Honolulu, HI: Daniel K Inouye International",62.00,14.00,3.91,3.36,2.32,0.00,4.41,0.00,0.00,627.00,168.00,108.00,89.00,0.00,262.00,
2016,10,"VX","Virgin America","IAD","Washington, DC: Washington Dulles International",137.00,23.00,7.08,1.00,6.95,0.00,7.96,0.00,0.00,1243.00,215.00,23.00,204.00,0.00,801.00,
2016,10,"VX","Virgin America","DAL","Dallas, TX: Dallas Love Field",425.00,48.00,15.04,1.05,10.92,1.00,19.99,4.00,0.00,2313.00,630.00,22.00,303.00,45.00,1313.00,
2016,10,"VX","Virgin America","LGA","New York, NY: LaGuardia",109.00,23.00,3.25,4.07,15.65,0.03,0.00,0.00,2.00,1194.00,269.00,133.00,791.00,1.00,0.00,
2016,10,"VX","Virgin America","DEN","Denver, CO: Denver International",88.00,16.00,0.58,0.00,1.00,0.00,14.42,1.00,0.00,1658.00,80.00,0.00,15.00,0.00,1563.00,
2016,10,"VX","Virgin America","PSP","Palm Springs, CA: Palm Springs International",18.00,7.00,1.23,0.00,1.68,0.00,4.08,2.00,0.00,337.00,124.00,0.00,36.00,0.00,177.00,
2016,11,"VX","Virgin America","DAL","Dallas, TX: Dallas Love Field",421.00,80.00,21.29,13.05,10.82,0.00,34.84,1.00,0.00,3818.00,965.00,355.00,375.00,0.00,2123.00,
2016,11,"VX","Virgin America","LAX","Los Angeles, CA: Los Angeles International",1182.00,185.00,48.76,12.53,63.12,0.04,60.55,2.00,0.00,8360.00,2836.00,309.00,2046.00,4.00,3165.00,
2016,11,"VX","Virgin America","DCA","Washington, DC: Ronald Reagan Washington National",114.00,16.00,5.23,5.00,3.33,0.00,2.43,0.00,0.00,588.00,186.00,107.00,130.00,0.00,165.00,
2016,11,"VX","Virgin America","SFO","San Francisco, CA: San Francisco International",1753.00,335.00,38.77,16.22,173.20,1.13,105.68,6.00,1.00,17930.00,1920.00,420.00,10378.00,61.00,5151.00,
2016,11,"VX","Virgin America","LAS","Las Vegas, NV: McCarran International",415.00,71.00,14.80,1.61,8.55,0.00,46.04,1.00,0.00,3313.00,748.00,68.00,232.00,0.00,2265.00,
2016,11,"VX","Virgin America","IAD","Washington, DC: Washington Dulles International",134.00,24.00,7.38,6.19,5.07,0.00,5.36,0.00,0.00,681.00,218.00,147.00,121.00,0.00,195.00,
2016,11,"VX","Virgin America","PDX","Portland, OR: Portland International",83.00,14.00,4.39,0.00,0.21,0.00,9.40,0.00,0.00,462.00,119.00,0.00,5.00,0.00,338.00,
2016,11,"VX","Virgin America","SAN","San Diego, CA: San Diego International",172.00,29.00,4.54,0.43,4.84,0.00,19.19,1.00,0.00,1519.00,349.00,13.00,112.00,0.00,1045.00,
2016,11,"VX","Virgin America","JFK","New York, NY: John F. Kennedy International",376.00,77.00,30.70,22.24,12.03,0.00,12.03,0.00,0.00,2713.00,1198.00,594.00,363.00,0.00,558.00,
2016,11,"VX","Virgin America","OGG","Kahului, HI: Kahului Airport",59.00,4.00,2.54,0.09,0.00,0.00,1.37,0.00,0.00,164.00,139.00,3.00,0.00,0.00,22.00,
2016,11,"VX","Virgin America","EWR","Newark, NJ: Newark Liberty International",195.00,55.00,7.20,15.79,25.60,0.00,6.41,0.00,0.00,2637.00,219.00,465.00,1518.00,0.00,435.00,
2016,11,"VX","Virgin America","SEA","Seattle, WA: Seattle/Tacoma International",222.00,26.00,2.65,6.40,4.76,0.00,12.19,1.00,0.00,1026.00,261.00,130.00,142.00,0.00,493.00,
2016,11,"VX","Virgin America","ORD","Chicago, IL: Chicago O'Hare International",142.00,28.00,8.45,8.88,4.22,0.00,6.45,0.00,1.00,984.00,337.00,201.00,107.00,0.00,339.00,
2016,11,"VX","Virgin America","AUS","Austin, TX: Austin - Bergstrom International",56.00,10.00,3.08,3.65,0.00,0.00,3.27,0.00,0.00,549.00,227.00,114.00,0.00,0.00,208.00,
2016,11,"VX","Virgin America","MCO","Orlando, FL: Orlando International",30.00,8.00,4.69,1.64,0.67,0.00,1.00,0.00,0.00,371.00,278.00,51.00,10.00,0.00,32.00,
2016,11,"VX","Virgin America","FLL","Fort Lauderdale, FL: Fort Lauderdale-Hollywood International",156.00,32.00,10.11,5.97,5.51,0.00,10.41,0.00,0.00,963.00,272.00,162.00,138.00,0.00,391.00,
2016,11,"VX","Virgin America","BOS","Boston, MA: Logan International",127.00,22.00,8.46,11.67,0.87,0.00,1.01,0.00,0.00,531.00,207.00,268.00,24.00,0.00,32.00,
2016,11,"VX","Virgin America","HNL","Honolulu, HI: Daniel K Inouye International",60.00,9.00,2.61,2.56,0.67,0.00,3.17,0.00,0.00,545.00,336.00,49.00,12.00,0.00,148.00,
2016,11,"VX","Virgin America","PSP","Palm Springs, CA: Palm Springs International",24.00,7.00,1.71,0.00,0.20,0.00,5.09,0.00,0.00,373.00,79.00,0.00,16.00,0.00,278.00,
2016,11,"VX","Virgin America","LGA","New York, NY: LaGuardia",110.00,39.00,3.17,4.00,27.38,0.00,4.45,1.00,0.00,2855.00,303.00,132.00,2141.00,0.00,279.00,
2016,11,"VX","Virgin America","DEN","Denver, CO: Denver International",86.00,12.00,2.00,0.00,0.30,0.00,9.70,0.00,0.00,669.00,105.00,0.00,8.00,0.00,556.00,
2016,12,"VX","Virgin America","LAX","Los Angeles, CA: Los Angeles International",1223.00,443.00,71.49,85.52,159.09,2.72,124.19,18.00,27.00,27765.00,5053.00,3153.00,9902.00,94.00,9563.00,
2016,12,"VX","Virgin America","SAN","San Diego, CA: San Diego International",175.00,56.00,18.42,0.27,3.54,0.00,33.77,6.00,1.00,4047.00,1544.00,25.00,147.00,0.00,2331.00,
2016,12,"VX","Virgin America","SFO","San Francisco, CA: San Francisco International",1824.00,591.00,78.98,83.01,241.76,2.15,185.11,39.00,61.00,42466.00,5543.00,3126.00,19837.00,42.00,13918.00,
2016,12,"VX","Virgin America","JFK","New York, NY: John F. Kennedy International",382.00,77.00,18.56,2.02,3.50,0.34,52.58,3.00,0.00,4630.00,914.00,38.00,180.00,19.00,3479.00,
2016,12,"VX","Virgin America","OGG","Kahului, HI: Kahului Airport",62.00,20.00,1.85,4.58,1.44,0.27,11.86,0.00,0.00,1084.00,78.00,147.00,63.00,23.00,773.00,
2016,12,"VX","Virgin America","EWR","Newark, NJ: Newark Liberty International",217.00,55.00,8.28,0.00,21.13,0.00,25.59,0.00,0.00,4992.00,962.00,0.00,1676.00,0.00,2354.00,
2016,12,"VX","Virgin America","SEA","Seattle, WA: Seattle/Tacoma International",228.00,53.00,9.67,2.36,12.82,0.00,28.15,3.00,0.00,2947.00,422.00,81.00,488.00,0.00,1956.00,
2016,12,"VX","Virgin America","ORD","Chicago, IL: Chicago O'Hare International",143.00,30.00,7.93,0.30,4.36,0.00,17.41,5.00,0.00,2330.00,338.00,9.00,529.00,0.00,1454.00,
2016,12,"VX","Virgin America","AUS","Austin, TX: Austin - Bergstrom International",57.00,10.00,2.87,0.00,1.02,0.00,6.11,0.00,0.00,546.00,89.00,0.00,20.00,0.00,437.00,
2016,12,"VX","Virgin America","PDX","Portland, OR: Portland International",87.00,22.00,2.98,0.53,3.69,0.00,14.80,2.00,0.00,1045.00,140.00,59.00,78.00,0.00,768.00,
2016,12,"VX","Virgin America","IAD","Washington, DC: Washington Dulles International",132.00,23.00,5.49,1.00,1.17,0.00,15.33,1.00,0.00,1513.00,292.00,21.00,44.00,0.00,1156.00,
2016,12,"VX","Virgin America","LAS","Las Vegas, NV: McCarran International",424.00,147.00,24.98,9.93,26.34,0.56,85.18,11.00,0.00,9021.00,1368.00,360.00,1202.00,24.00,6067.00,
2016,12,"VX","Virgin America","DCA","Washington, DC: Ronald Reagan Washington National",116.00,13.00,7.58,0.83,1.80,0.00,2.79,0.00,0.00,802.00,488.00,24.00,47.00,0.00,243.00,
2016,12,"VX","Virgin America","MCO","Orlando, FL: Orlando International",31.00,5.00,2.93,1.07,0.00,0.00,1.00,0.00,0.00,225.00,142.00,18.00,0.00,0.00,65.00,
2016,12,"VX","Virgin America","FLL","Fort Lauderdale, FL: Fort Lauderdale-Hollywood International",158.00,45.00,10.48,2.70,6.99,0.17,24.67,2.00,0.00,2844.00,599.00,153.00,267.00,4.00,1821.00,
2016,12,"VX","Virgin America","BOS","Boston, MA: Logan International",134.00,20.00,4.46,0.00,2.94,0.00,12.61,1.00,0.00,1210.00,187.00,0.00,68.00,0.00,955.00,
2016,12,"VX","Virgin America","HNL","Honolulu, HI: Daniel K Inouye International",62.00,18.00,5.50,8.89,2.16,0.00,1.45,0.00,0.00,852.00,410.00,326.00,69.00,0.00,47.00,
2016,12,"VX","Virgin America","PSP","Palm Springs, CA: Palm Springs International",43.00,12.00,2.26,0.00,1.10,0.00,8.64,2.00,0.00,1012.00,117.00,0.00,355.00,0.00,540.00,
2016,12,"VX","Virgin America","DAL","Dallas, TX: Dallas Love Field",400.00,70.00,20.88,6.96,10.59,2.04,29.53,2.00,0.00,4039.00,1335.00,187.00,415.00,70.00,2032.00,
2016,12,"VX","Virgin America","LGA","New York, NY: LaGuardia",97.00,11.00,2.07,0.00,7.67,0.00,1.25,1.00,0.00,689.00,93.00,0.00,393.00,0.00,203.00,
2016,12,"VX","Virgin America","DEN","Denver, CO: Denver International",88.00,20.00,5.87,1.00,1.81,0.00,11.32,2.00,0.00,1141.00,221.00,28.00,52.00,0.00,840.00,
2016,12,"VX","Virgin America","ONT","Ontario, CA: Ontario International",,,,,,,,,,,,,,,,
2017,1,"VX","Virgin America","AUS","Austin, TX: Austin - Bergstrom International",58.00,12.00,1.85,0.07,2.62,0.00,7.45,0.00,0.00,962.00,233.00,10.00,116.00,0.00,603.00,
2017,1,"VX","Virgin America","BOS","Boston, MA: Logan International",141.00,35.00,11.95,5.18,7.81,0.00,10.06,3.00,0.00,1448.00,597.00,103.00,256.00,0.00,492.00,
2017,1,"VX","Virgin America","DAL","Dallas, TX: Dallas Love Field",404.00,82.00,18.33,1.23,20.81,0.00,41.63,2.00,1.00,4408.00,900.00,24.00,730.00,0.00,2754.00,
2017,1,"VX","Virgin America","DCA","Washington, DC: Ronald Reagan Washington National",115.00,18.00,8.13,0.00,3.58,0.00,6.30,0.00,0.00,718.00,381.00,0.00,89.00,0.00,248.00,
2017,1,"VX","Virgin America","DEN","Denver, CO: Denver International",85.00,20.00,0.56,0.00,5.74,0.00,13.70,3.00,0.00,1517.00,28.00,0.00,342.00,0.00,1147.00,
2017,1,"VX","Virgin America","EWR","Newark, NJ: Newark Liberty International",195.00,77.00,9.36,1.46,44.98,0.00,21.19,2.00,0.00,4642.00,349.00,30.00,2868.00,0.00,1395.00,
2017,1,"VX","Virgin America","FLL","Fort Lauderdale, FL: Fort Lauderdale-Hollywood International",166.00,50.00,12.40,4.46,12.77,0.00,20.37,3.00,1.00,2324.00,559.00,129.00,434.00,0.00,1202.00,
2017,1,"VX","Virgin America","HNL","Honolulu, HI: Daniel K Inouye International",40.00,14.00,4.60,5.07,2.35,0.00,1.98,0.00,0.00,585.00,200.00,231.00,70.00,0.00,84.00,
2017,1,"VX","Virgin America","IAD","Washington, DC: Washington Dulles International",115.00,23.00,5.31,0.18,4.93,0.00,12.58,0.00,0.00,1196.00,217.00,14.00,168.00,0.00,797.00,
2017,1,"VX","Virgin America","JFK","New York, NY: John F. Kennedy International",391.00,90.00,22.89,4.09,19.80,0.00,43.22,5.00,1.00,5317.00,1445.00,121.00,754.00,0.00,2997.00,
2017,1,"VX","Virgin America","LAS","Las Vegas, NV: McCarran International",409.00,152.00,23.88,8.05,48.05,0.10,71.92,9.00,0.00,8980.00,1226.00,336.00,2116.00,12.00,5290.00,
2017,1,"VX","Virgin America","LAX","Los Angeles, CA: Los Angeles International",1172.00,408.00,76.33,59.89,129.20,0.37,142.21,22.00,16.00,23656.00,4032.00,2265.00,7382.00,28.00,9949.00,
2017,1,"VX","Virgin America","LGA","New York, NY: LaGuardia",99.00,23.00,4.98,1.40,16.62,0.00,0.00,2.00,0.00,1547.00,152.00,38.00,1357.00,0.00,0.00,
2017,1,"VX","Virgin America","MCO","Orlando, FL: Orlando International",31.00,6.00,2.33,0.00,3.67,0.00,0.00,0.00,0.00,202.00,99.00,0.00,103.00,0.00,0.00,
2017,1,"VX","Virgin America","OGG","Kahului, HI: Kahului Airport",66.00,21.00,3.50,4.75,2.00,0.00,10.75,0.00,1.00,1172.00,168.00,229.00,55.00,0.00,720.00,
2017,1,"VX","Virgin America","ORD","Chicago, IL: Chicago O'Hare International",97.00,18.00,2.44,1.00,7.00,0.00,7.56,0.00,0.00,918.00,109.00,15.00,417.00,0.00,377.00,
2017,1,"VX","Virgin America","PDX","Portland, OR: Portland International",89.00,35.00,6.60,0.58,5.36,0.00,22.46,7.00,0.00,2425.00,388.00,12.00,268.00,0.00,1757.00,
2017,1,"VX","Virgin America","PSP","Palm Springs, CA: Palm Springs International",40.00,15.00,2.65,1.38,2.29,0.00,8.68,2.00,0.00,871.00,163.00,26.00,139.00,0.00,543.00,
2017,1,"VX","Virgin America","SAN","San Diego, CA: San Diego International",165.00,56.00,8.09,0.00,10.44,0.00,37.47,12.00,2.00,3367.00,591.00,0.00,391.00,0.00,2385.00,
2017,1,"VX","Virgin America","SEA","Seattle, WA: Seattle/Tacoma International",192.00,45.00,4.11,0.00,8.83,0.00,32.06,7.00,0.00,2712.00,184.00,0.00,289.00,0.00,2239.00,
2017,1,"VX","Virgin America","SFO","San Francisco, CA: San Francisco International",1712.00,674.00,89.83,65.60,353.01,1.64,163.92,58.00,55.00,48163.00,5424.00,2681.00,28682.00,38.00,11338.00,
2017,2,"VX","Virgin America","AUS","Austin, TX: Austin - Bergstrom International",52.00,12.00,2.94,0.68,1.29,0.00,7.08,0.00,0.00,1001.00,339.00,15.00,65.00,0.00,582.00,
2017,2,"VX","Virgin America","BOS","Boston, MA: Logan International",126.00,25.00,5.65,4.49,5.65,0.00,9.21,7.00,0.00,1113.00,206.00,145.00,213.00,0.00,549.00,
2017,2,"VX","Virgin America","DAL","Dallas, TX: Dallas Love Field",380.00,50.00,11.95,0.04,15.40,0.00,22.61,9.00,0.00,2496.00,704.00,6.00,515.00,0.00,1271.00,
2017,2,"VX","Virgin America","DCA","Washington, DC: Ronald Reagan Washington National",104.00,14.00,6.45,2.32,0.50,0.00,4.73,0.00,0.00,637.00,353.00,85.00,23.00,0.00,176.00,
2017,2,"VX","Virgin America","DEN","Denver, CO: Denver International",76.00,12.00,0.92,0.00,1.00,0.00,10.08,3.00,0.00,522.00,48.00,0.00,21.00,0.00,453.00,
2017,2,"VX","Virgin America","EWR","Newark, NJ: Newark Liberty International",170.00,52.00,4.36,10.05,18.01,0.00,19.58,7.00,1.00,2996.00,231.00,239.00,1242.00,0.00,1284.00,
2017,2,"VX","Virgin America","FLL","Fort Lauderdale, FL: Fort Lauderdale-Hollywood International",148.00,49.00,4.46,7.05,13.67,1.35,22.47,1.00,4.00,2513.00,204.00,288.00,507.00,49.00,1465.00,
2017,2,"VX","Virgin America","HNL","Honolulu, HI: Daniel K Inouye International",28.00,4.00,2.00,1.34,0.06,0.60,0.00,0.00,0.00,141.00,78.00,34.00,1.00,28.00,0.00,
2017,2,"VX","Virgin America","IAD","Washington, DC: Washington Dulles International",99.00,25.00,7.64,3.24,4.72,0.00,9.39,0.00,0.00,1315.00,366.00,113.00,142.00,0.00,694.00,
2017,2,"VX","Virgin America","JFK","New York, NY: John F. Kennedy International",349.00,83.00,8.20,11.48,24.09,0.34,38.90,15.00,0.00,4444.00,335.00,488.00,1161.00,16.00,2444.00,
2017,2,"VX","Virgin America","LAS","Las Vegas, NV: McCarran International",366.00,97.00,17.94,5.65,22.38,0.57,50.47,10.00,0.00,5290.00,1022.00,148.00,707.00,13.00,3400.00,
2017,2,"VX","Virgin America","LAX","Los Angeles, CA: Los Angeles International",1035.00,393.00,30.93,61.75,187.93,0.75,111.64,27.00,6.00,21438.00,2072.00,2138.00,10535.00,12.00,6681.00,
2017,2,"VX","Virgin America","LGA","New York, NY: LaGuardia",96.00,19.00,4.17,3.43,9.69,0.00,1.71,7.00,0.00,1058.00,147.00,107.00,761.00,0.00,43.00,
2017,2,"VX","Virgin America","MCO","Orlando, FL: Orlando International",28.00,6.00,4.45,0.14,1.41,0.00,0.00,0.00,0.00,283.00,243.00,10.00,30.00,0.00,0.00,
2017,2,"VX","Virgin America","OGG","Kahului, HI: Kahului Airport",60.00,25.00,2.42,8.05,1.61,0.15,12.77,0.00,0.00,1274.00,204.00,423.00,51.00,10.00,586.00,
2017,2,"VX","Virgin America","ORD","Chicago, IL: Chicago O'Hare International",80.00,13.00,3.81,2.26,3.29,0.00,3.64,0.00,0.00,638.00,334.00,51.00,110.00,0.00,143.00,
2017,2,"VX","Virgin America","PDX","Portland, OR: Portland International",80.00,25.00,3.89,0.38,3.23,0.00,17.51,5.00,0.00,1437.00,126.00,21.00,94.00,0.00,1196.00,
2017,2,"VX","Virgin America","PSP","Palm Springs, CA: Palm Springs International",36.00,12.00,3.38,0.44,3.34,0.00,4.84,1.00,0.00,416.00,109.00,10.00,118.00,0.00,179.00,
2017,2,"VX","Virgin America","SAN","San Diego, CA: San Diego International",148.00,50.00,3.01,1.40,9.50,0.00,36.10,12.00,2.00,3149.00,120.00,76.00,503.00,0.00,2450.00,
2017,2,"VX","Virgin America","SEA","Seattle, WA: Seattle/Tacoma International",168.00,39.00,7.41,0.50,9.62,0.00,21.46,8.00,0.00,2726.00,486.00,14.00,769.00,0.00,1457.00,
2017,2,"VX","Virgin America","SFO","San Francisco, CA: San Francisco International",1511.00,594.00,57.02,86.75,342.05,0.37,107.82,68.00,27.00,42792.00,3365.00,3252.00,29951.00,15.00,6209.00,
2017,3,"VX","Virgin America","AUS","Austin, TX: Austin - Bergstrom International",58.00,14.00,2.15,0.20,5.23,0.00,6.42,0.00,0.00,660.00,49.00,8.00,123.00,0.00,480.00,
2017,3,"VX","Virgin America","BOS","Boston, MA: Logan International",139.00,35.00,12.03,4.56,8.78,0.00,9.63,5.00,0.00,1331.00,435.00,130.00,239.00,0.00,527.00,
2017,3,"VX","Virgin America","DAL","Dallas, TX: Dallas Love Field",387.00,91.00,16.15,3.31,26.80,0.00,44.74,8.00,0.00,4840.00,1176.00,100.00,869.00,0.00,2695.00,
2017,3,"VX","Virgin America","DCA","Washington, DC: Ronald Reagan Washington National",116.00,21.00,4.60,0.71,6.43,0.00,9.26,4.00,0.00,784.00,225.00,20.00,209.00,0.00,330.00,
2017,3,"VX","Virgin America","DEN","Denver, CO: Denver International",87.00,27.00,2.76,0.44,2.48,0.00,21.32,1.00,0.00,1401.00,105.00,14.00,154.00,0.00,1128.00,
2017,3,"VX","Virgin America","EWR","Newark, NJ: Newark Liberty International",218.00,91.00,10.78,5.19,51.63,0.51,22.88,12.00,0.00,6524.00,548.00,255.00,4294.00,18.00,1409.00,
2017,3,"VX","Virgin America","FLL","Fort Lauderdale, FL: Fort Lauderdale-Hollywood International",178.00,72.00,15.80,4.81,23.99,1.00,26.40,2.00,0.00,2653.00,528.00,138.00,767.00,50.00,1170.00,
2017,3,"VX","Virgin America","HNL","Honolulu, HI: Daniel K Inouye International",31.00,3.00,2.65,0.35,0.00,0.00,0.00,0.00,0.00,115.00,109.00,6.00,0.00,0.00,0.00,
2017,3,"VX","Virgin America","IAD","Washington, DC: Washington Dulles International",116.00,34.00,10.32,2.14,9.55,0.00,11.99,4.00,0.00,1430.00,477.00,63.00,259.00,0.00,631.00,
2017,3,"VX","Virgin America","JFK","New York, NY: John F. Kennedy International",390.00,120.00,24.72,7.10,57.07,0.10,31.02,20.00,1.00,8166.00,1477.00,584.00,4509.00,18.00,1578.00,
2017,3,"VX","Virgin America","LAS","Las Vegas, NV: McCarran International",397.00,116.00,15.41,5.24,32.26,0.00,63.09,7.00,0.00,6993.00,641.00,353.00,2684.00,0.00,3315.00,
2017,3,"VX","Virgin America","LAX","Los Angeles, CA: Los Angeles International",1200.00,448.00,43.87,10.97,255.73,1.96,135.47,26.00,1.00,24205.00,2378.00,467.00,11861.00,93.00,9406.00,
2017,3,"VX","Virgin America","LGA","New York, NY: LaGuardia",90.00,28.00,3.00,2.08,22.92,0.00,0.00,5.00,1.00,2023.00,109.00,89.00,1825.00,0.00,0.00,
2017,3,"VX","Virgin America","MCO","Orlando, FL: Orlando International",31.00,6.00,3.46,0.61,1.92,0.00,0.00,0.00,1.00,145.00,75.00,19.00,51.00,0.00,0.00,
2017,3,"VX","Virgin America","OGG","Kahului, HI: Kahului Airport",66.00,18.00,2.17,1.71,2.51,0.00,11.61,0.00,1.00,745.00,98.00,47.00,135.00,0.00,465.00,
2017,3,"VX","Virgin America","ORD","Chicago, IL: Chicago O'Hare International",89.00,34.00,8.42,2.51,10.81,0.00,12.26,0.00,0.00,1537.00,263.00,134.00,632.00,0.00,508.00,
2017,3,"VX","Virgin America","PDX","Portland, OR: Portland International",90.00,30.00,7.00,1.69,4.21,0.00,17.10,0.00,0.00,1567.00,431.00,37.00,121.00,0.00,978.00,
2017,3,"VX","Virgin America","PSP","Palm Springs, CA: Palm Springs International",43.00,22.00,2.62,0.36,4.87,0.00,14.14,1.00,1.00,1093.00,93.00,11.00,156.00,0.00,833.00,
2017,3,"VX","Virgin America","SAN","San Diego, CA: San Diego International",168.00,51.00,12.48,0.65,8.80,0.00,29.08,3.00,0.00,2860.00,640.00,15.00,325.00,0.00,1880.00,
2017,3,"VX","Virgin America","SEA","Seattle, WA: Seattle/Tacoma International",196.00,41.00,8.04,5.48,7.08,0.00,20.40,1.00,0.00,1890.00,383.00,182.00,188.00,0.00,1137.00,
2017,3,"VX","Virgin America","SFO","San Francisco, CA: San Francisco International",1727.00,549.00,80.31,35.07,224.54,0.67,208.41,45.00,7.00,35933.00,4416.00,1566.00,17510.00,13.00,12428.00,
2017,4,"VX","Virgin America","AUS","Austin, TX: Austin - Bergstrom International",55.00,13.00,2.47,0.31,1.55,0.00,8.66,0.00,0.00,655.00,114.00,5.00,48.00,0.00,488.00,
2017,4,"VX","Virgin America","BOS","Boston, MA: Logan International",136.00,36.00,11.92,4.41,9.06,0.00,10.61,1.00,0.00,1306.00,409.00,148.00,304.00,0.00,445.00,
2017,4,"VX","Virgin America","DAL","Dallas, TX: Dallas Love Field",346.00,67.00,12.48,2.63,7.76,0.00,44.12,3.00,0.00,3985.00,753.00,137.00,310.00,0.00,2785.00,
2017,4,"VX","Virgin America","DCA","Washington, DC: Ronald Reagan Washington National",110.00,17.00,4.29,3.94,8.07,0.00,0.70,0.00,1.00,1020.00,313.00,164.00,524.00,0.00,19.00,
2017,4,"VX","Virgin America","DEN","Denver, CO: Denver International",85.00,21.00,2.65,0.28,2.65,0.00,15.43,1.00,0.00,1240.00,197.00,11.00,128.00,0.00,904.00,
2017,4,"VX","Virgin America","EWR","Newark, NJ: Newark Liberty International",220.00,74.00,8.88,9.19,38.26,0.00,17.67,0.00,0.00,5710.00,928.00,315.00,3293.00,0.00,1174.00,
2017,4,"VX","Virgin America","FLL","Fort Lauderdale, FL: Fort Lauderdale-Hollywood International",159.00,51.00,11.13,4.28,15.18,0.43,19.97,1.00,0.00,2118.00,371.00,108.00,516.00,13.00,1110.00,
2017,4,"VX","Virgin America","HNL","Honolulu, HI: Daniel K Inouye International",30.00,5.00,1.23,0.73,3.03,0.00,0.00,0.00,0.00,140.00,29.00,36.00,75.00,0.00,0.00,
2017,4,"VX","Virgin America","IAD","Washington, DC: Washington Dulles International",119.00,31.00,7.36,3.01,4.88,0.00,15.76,1.00,0.00,1494.00,282.00,100.00,142.00,0.00,970.00,
2017,4,"VX","Virgin America","JFK","New York, NY: John F. Kennedy International",371.00,118.00,11.52,6.51,67.27,0.23,32.47,1.00,0.00,9623.00,642.00,271.00,6599.00,24.00,2087.00,
2017,4,"VX","Virgin America","LAS","Las Vegas, NV: McCarran International",382.00,113.00,13.95,1.18,19.24,0.42,78.22,10.00,0.00,6182.00,881.00,33.00,706.00,8.00,4554.00,
2017,4,"VX","Virgin America","LAX","Los Angeles, CA: Los Angeles International",1169.00,353.00,47.46,11.01,153.14,1.73,139.67,20.00,1.00,20561.00,2951.00,337.00,7312.00,108.00,9853.00,
2017,4,"VX","Virgin America","LGA","New York, NY: LaGuardia",75.00,27.00,2.87,5.98,16.80,0.00,1.35,1.00,0.00,2206.00,350.00,271.00,1461.00,0.00,124.00,
2017,4,"VX","Virgin America","MCO","Orlando, FL: Orlando International",30.00,4.00,1.99,0.01,1.00,0.00,1.00,0.00,0.00,245.00,201.00,1.00,28.00,0.00,15.00,
2017,4,"VX","Virgin America","OGG","Kahului, HI: Kahului Airport",65.00,23.00,1.95,5.65,4.26,0.00,11.14,0.00,0.00,846.00,84.00,121.00,126.00,0.00,515.00,
2017,4,"VX","Virgin America","ORD","Chicago, IL: Chicago O'Hare International",86.00,19.00,5.98,1.92,3.55,0.00,7.55,0.00,0.00,1019.00,191.00,144.00,262.00,0.00,422.00,
2017,4,"VX","Virgin America","PDX","Portland, OR: Portland International",85.00,34.00,6.65,0.80,3.25,0.00,23.30,0.00,0.00,2301.00,263.00,24.00,208.00,0.00,1806.00,
2017,4,"VX","Virgin America","PSP","Palm Springs, CA: Palm Springs International",39.00,18.00,2.95,0.00,2.85,0.00,12.20,0.00,0.00,896.00,146.00,0.00,97.00,0.00,653.00,
2017,4,"VX","Virgin America","SAN","San Diego, CA: San Diego International",162.00,52.00,1.35,0.98,8.61,0.00,41.07,7.00,0.00,3139.00,69.00,23.00,313.00,0.00,2734.00,
2017,4,"VX","Virgin America","SEA","Seattle, WA: Seattle/Tacoma International",194.00,54.00,6.90,4.60,12.51,0.65,29.34,4.00,0.00,2785.00,240.00,122.00,427.00,11.00,1985.00,
2017,4,"VX","Virgin America","SFO","San Francisco, CA: San Francisco International",1679.00,750.00,60.92,43.42,491.91,3.31,150.43,44.00,4.00,59600.00,3722.00,1955.00,43000.00,832.00,10091.00,
2017,5,"VX","Virgin America","AUS","Austin, TX: Austin - Bergstrom International",58.00,10.00,0.06,0.18,1.86,0.00,7.89,0.00,0.00,401.00,4.00,11.00,59.00,0.00,327.00,
2017,5,"VX","Virgin America","BOS","Boston, MA: Logan International",166.00,70.00,17.90,1.45,30.54,0.18,19.93,0.00,0.00,4121.00,629.00,60.00,2415.00,8.00,1009.00,
2017,5,"VX","Virgin America","DAL","Dallas, TX: Dallas Love Field",371.00,75.00,14.09,2.40,17.02,0.00,41.49,0.00,0.00,4184.00,884.00,54.00,526.00,0.00,2720.00,
2017,5,"VX","Virgin America","DCA","Washington, DC: Ronald Reagan Washington National",116.00,17.00,4.59,1.20,3.38,0.00,7.82,0.00,0.00,767.00,195.00,55.00,181.00,0.00,336.00,
2017,5,"VX","Virgin America","DEN","Denver, CO: Denver International",89.00,29.00,3.36,1.00,8.79,0.00,15.86,2.00,0.00,1450.00,116.00,31.00,366.00,0.00,937.00,
2017,5,"VX","Virgin America","EWR","Newark, NJ: Newark Liberty International",239.00,106.00,19.06,1.58,60.28,0.00,25.08,0.00,1.00,7263.00,794.00,53.00,5131.00,0.00,1285.00,
2017,5,"VX","Virgin America","FLL","Fort Lauderdale, FL: Fort Lauderdale-Hollywood International",87.00,29.00,7.10,0.36,5.35,0.54,15.65,0.00,2.00,1205.00,381.00,10.00,157.00,19.00,638.00,
2017,5,"VX","Virgin America","HNL","Honolulu, HI: Daniel K Inouye International",62.00,12.00,3.34,0.00,0.44,0.00,8.22,0.00,0.00,750.00,256.00,0.00,23.00,0.00,471.00,
2017,5,"VX","Virgin America","IAD","Washington, DC: Washington Dulles International",142.00,47.00,13.26,0.86,12.00,0.59,20.28,0.00,0.00,1930.00,508.00,26.00,380.00,26.00,990.00,
2017,5,"VX","Virgin America","JFK","New York, NY: John F. Kennedy International",365.00,165.00,21.76,2.14,104.37,0.13,36.61,2.00,0.00,14434.00,943.00,54.00,11441.00,5.00,1991.00,
2017,5,"VX","Virgin America","LAS","Las Vegas, NV: McCarran International",396.00,150.00,30.00,0.38,37.61,1.13,80.88,10.00,1.00,8027.00,1157.00,18.00,2059.00,111.00,4682.00,
2017,5,"VX","Virgin America","LAX","Los Angeles, CA: Los Angeles International",1215.00,590.00,86.13,4.18,328.42,1.87,169.40,21.00,0.00,30464.00,3887.00,246.00,14787.00,119.00,11425.00,
2017,5,"VX","Virgin America","LGA","New York, NY: LaGuardia",81.00,27.00,6.53,0.00,16.47,0.00,4.00,0.00,0.00,2611.00,502.00,0.00,1869.00,0.00,240.00,
2017,5,"VX","Virgin America","MCO","Orlando, FL: Orlando International",31.00,9.00,4.93,0.60,2.56,0.00,0.92,0.00,0.00,311.00,225.00,10.00,58.00,0.00,18.00,
2017,5,"VX","Virgin America","OGG","Kahului, HI: Kahului Airport",66.00,20.00,4.98,0.94,3.81,0.00,10.27,0.00,0.00,873.00,248.00,41.00,142.00,0.00,442.00,
2017,5,"VX","Virgin America","ORD","Chicago, IL: Chicago O'Hare International",125.00,51.00,14.30,0.31,10.51,0.00,25.88,0.00,1.00,2625.00,600.00,13.00,339.00,0.00,1673.00,
2017,5,"VX","Virgin America","PDX","Portland, OR: Portland International",89.00,36.00,3.77,0.83,6.95,0.00,24.44,1.00,0.00,1755.00,151.00,15.00,261.00,0.00,1328.00,
2017,5,"VX","Virgin America","PSP","Palm Springs, CA: Palm Springs International",17.00,11.00,1.89,0.71,2.12,0.00,6.28,0.00,0.00,552.00,73.00,15.00,111.00,0.00,353.00,
2017,5,"VX","Virgin America","SAN","San Diego, CA: San Diego International",178.00,62.00,13.57,0.00,7.40,0.00,41.03,10.00,0.00,3134.00,637.00,0.00,342.00,0.00,2155.00,
2017,5,"VX","Virgin America","SEA","Seattle, WA: Seattle/Tacoma International",198.00,78.00,12.15,5.06,22.07,0.00,38.71,7.00,0.00,3840.00,406.00,111.00,889.00,0.00,2434.00,
2017,5,"VX","Virgin America","SFO","San Francisco, CA: San Francisco International",1802.00,723.00,88.52,10.09,351.97,1.08,271.34,54.00,2.00,50009.00,4529.00,591.00,27534.00,24.00,17331.00,
2017,5,"VX","Virgin America","SLC","Salt Lake City, UT: Salt Lake City International",1.00,,0.00,0.00,0.00,0.00,0.00,0.00,1.00,0.00,0.00,0.00,0.00,0.00,0.00,
2017,6,"VX","Virgin America","AUS","Austin, TX: Austin - Bergstrom International",56.00,15.00,2.14,0.00,0.93,0.00,11.92,0.00,0.00,740.00,44.00,0.00,57.00,0.00,639.00,
2017,6,"VX","Virgin America","BOS","Boston, MA: Logan International",191.00,66.00,9.41,0.49,44.18,0.00,11.91,1.00,0.00,5894.00,333.00,18.00,4967.00,0.00,576.00,
2017,6,"VX","Virgin America","DAL","Dallas, TX: Dallas Love Field",357.00,71.00,24.18,1.90,13.41,1.00,30.51,7.00,4.00,4320.00,1414.00,146.00,478.00,43.00,2239.00,
2017,6,"VX","Virgin America","DCA","Washington, DC: Ronald Reagan Washington National",112.00,21.00,5.48,0.32,9.96,0.00,5.24,3.00,3.00,1153.00,162.00,18.00,636.00,0.00,337.00,
2017,6,"VX","Virgin America","DEN","Denver, CO: Denver International",86.00,27.00,3.09,0.00,4.73,0.00,19.18,1.00,0.00,1067.00,104.00,0.00,162.00,0.00,801.00,
2017,6,"VX","Virgin America","EWR","Newark, NJ: Newark Liberty International",240.00,99.00,15.46,0.36,64.46,0.63,18.08,1.00,0.00,6224.00,905.00,29.00,4217.00,36.00,1037.00,
2017,6,"VX","Virgin America","FLL","Fort Lauderdale, FL: Fort Lauderdale-Hollywood International",90.00,36.00,7.34,0.29,9.10,0.00,19.27,0.00,0.00,1924.00,396.00,36.00,645.00,0.00,847.00,
2017,6,"VX","Virgin America","HNL","Honolulu, HI: Daniel K Inouye International",60.00,15.00,4.43,0.00,1.37,0.00,9.20,0.00,0.00,505.00,139.00,0.00,30.00,0.00,336.00,
2017,6,"VX","Virgin America","IAD","Washington, DC: Washington Dulles International",146.00,28.00,7.24,0.00,8.44,0.00,12.33,1.00,0.00,1020.00,262.00,0.00,401.00,0.00,357.00,
2017,6,"VX","Virgin America","JFK","New York, NY: John F. Kennedy International",356.00,99.00,20.77,3.51,43.96,0.63,30.13,1.00,1.00,6591.00,1348.00,239.00,3509.00,29.00,1466.00,
2017,6,"VX","Virgin America","LAS","Las Vegas, NV: McCarran International",388.00,118.00,20.57,0.08,15.44,0.24,81.66,5.00,0.00,6337.00,1249.00,10.00,610.00,5.00,4463.00,
2017,6,"VX","Virgin America","LAX","Los Angeles, CA: Los Angeles International",1224.00,363.00,130.35,1.85,96.67,1.27,132.87,11.00,0.00,20180.00,6472.00,490.00,4305.00,55.00,8858.00,
2017,6,"VX","Virgin America","LGA","New York, NY: LaGuardia",78.00,22.00,4.17,1.00,15.10,0.00,1.73,1.00,0.00,1389.00,193.00,93.00,970.00,0.00,133.00,
2017,6,"VX","Virgin America","MCO","Orlando, FL: Orlando International",47.00,16.00,4.78,2.19,8.56,0.00,0.47,0.00,1.00,707.00,306.00,77.00,302.00,0.00,22.00,
2017,6,"VX","Virgin America","OGG","Kahului, HI: Kahului Airport",64.00,13.00,6.58,0.00,4.41,0.00,2.01,0.00,0.00,1019.00,596.00,0.00,236.00,0.00,187.00,
2017,6,"VX","Virgin America","ORD","Chicago, IL: Chicago O'Hare International",146.00,27.00,8.67,0.62,7.61,0.00,10.11,0.00,1.00,2140.00,1076.00,24.00,348.00,0.00,692.00,
2017,6,"VX","Virgin America","PDX","Portland, OR: Portland International",86.00,35.00,8.25,0.00,5.27,0.00,21.49,1.00,0.00,2037.00,606.00,0.00,163.00,0.00,1268.00,
2017,6,"VX","Virgin America","PSP","Palm Springs, CA: Palm Springs International",18.00,6.00,0.16,0.00,1.98,0.00,3.86,0.00,0.00,221.00,3.00,0.00,36.00,0.00,182.00,
2017,6,"VX","Virgin America","SAN","San Diego, CA: San Diego International",172.00,66.00,15.67,1.53,12.08,0.00,36.72,4.00,0.00,3251.00,966.00,27.00,360.00,0.00,1898.00,
2017,6,"VX","Virgin America","SEA","Seattle, WA: Seattle/Tacoma International",224.00,80.00,14.66,1.84,31.65,0.78,31.07,3.00,0.00,3658.00,462.00,50.00,1378.00,31.00,1737.00,
2017,6,"VX","Virgin America","SFO","San Francisco, CA: San Francisco International",1829.00,657.00,110.45,6.37,282.17,3.97,254.04,27.00,2.00,40825.00,5821.00,303.00,19203.00,252.00,15246.00,
2017,7,"VX","Virgin America","AUS","Austin, TX: Austin - Bergstrom International",57.00,21.00,3.07,0.00,7.35,0.00,10.58,0.00,0.00,812.00,116.00,0.00,204.00,0.00,492.00,
2017,7,"VX","Virgin America","BOS","Boston, MA: Logan International",201.00,41.00,11.90,0.29,22.97,0.00,5.84,0.00,0.00,2153.00,534.00,34.00,1262.00,0.00,323.00,
2017,7,"VX","Virgin America","DAL","Dallas, TX: Dallas Love Field",363.00,45.00,10.23,0.37,13.47,0.00,20.93,3.00,2.00,2782.00,855.00,46.00,567.00,0.00,1314.00,
2017,7,"VX","Virgin America","DCA","Washington, DC: Ronald Reagan Washington National",114.00,23.00,9.22,2.61,10.91,0.00,0.26,1.00,0.00,954.00,402.00,123.00,419.00,0.00,10.00,
2017,7,"VX","Virgin America","DEN","Denver, CO: Denver International",88.00,32.00,4.80,0.00,8.52,0.91,17.78,1.00,0.00,1419.00,351.00,0.00,340.00,48.00,680.00,
2017,7,"VX","Virgin America","EWR","Newark, NJ: Newark Liberty International",245.00,81.00,6.22,1.71,64.02,0.36,8.68,0.00,1.00,6550.00,645.00,86.00,5480.00,9.00,330.00,
2017,7,"VX","Virgin America","FLL","Fort Lauderdale, FL: Fort Lauderdale-Hollywood International",93.00,31.00,7.98,0.00,11.31,0.00,11.71,0.00,0.00,1260.00,536.00,0.00,330.00,0.00,394.00,
2017,7,"VX","Virgin America","HNL","Honolulu, HI: Daniel K Inouye International",62.00,8.00,1.09,0.00,2.91,0.00,4.00,0.00,0.00,239.00,22.00,0.00,91.00,0.00,126.00,
2017,7,"VX","Virgin America","IAD","Washington, DC: Washington Dulles International",147.00,23.00,1.72,2.00,11.16,1.00,7.12,0.00,1.00,862.00,46.00,64.00,394.00,17.00,341.00,
2017,7,"VX","Virgin America","JFK","New York, NY: John F. Kennedy International",365.00,100.00,13.75,7.02,72.11,0.00,7.11,0.00,0.00,7225.00,796.00,448.00,5721.00,0.00,260.00,
2017,7,"VX","Virgin America","LAS","Las Vegas, NV: McCarran International",397.00,96.00,12.07,1.43,29.69,0.43,52.38,2.00,0.00,4498.00,668.00,38.00,1206.00,13.00,2573.00,
2017,7,"VX","Virgin America","LAX","Los Angeles, CA: Los Angeles International",1253.00,250.00,85.54,9.32,79.18,1.91,74.05,3.00,1.00,13074.00,4474.00,541.00,3245.00,39.00,4775.00,
2017,7,"VX","Virgin America","LGA","New York, NY: LaGuardia",78.00,22.00,0.23,1.00,20.00,0.00,0.77,2.00,2.00,1586.00,6.00,56.00,1504.00,0.00,20.00,
2017,7,"VX","Virgin America","MCO","Orlando, FL: Orlando International",62.00,20.00,4.01,2.64,13.35,0.00,0.00,0.00,0.00,642.00,84.00,147.00,411.00,0.00,0.00,
2017,7,"VX","Virgin America","OGG","Kahului, HI: Kahului Airport",67.00,9.00,2.84,1.00,2.16,0.30,2.70,0.00,0.00,412.00,154.00,17.00,57.00,10.00,174.00,
2017,7,"VX","Virgin America","ORD","Chicago, IL: Chicago O'Hare International",150.00,42.00,13.04,3.00,12.74,0.00,13.22,0.00,1.00,2248.00,453.00,145.00,833.00,0.00,817.00,
2017,7,"VX","Virgin America","PDX","Portland, OR: Portland International",88.00,16.00,3.62,0.50,5.17,0.22,6.49,0.00,0.00,497.00,154.00,8.00,108.00,4.00,223.00,
2017,7,"VX","Virgin America","PSP","Palm Springs, CA: Palm Springs International",18.00,5.00,1.00,0.00,1.89,0.00,2.11,0.00,0.00,244.00,22.00,0.00,107.00,0.00,115.00,
2017,7,"VX","Virgin America","SAN","San Diego, CA: San Diego International",174.00,41.00,5.78,0.01,11.22,1.00,22.99,0.00,0.00,1765.00,290.00,1.00,333.00,18.00,1123.00,
2017,7,"VX","Virgin America","SEA","Seattle, WA: Seattle/Tacoma International",227.00,62.00,6.39,0.74,33.58,0.00,21.30,0.00,0.00,2809.00,352.00,21.00,1244.00,0.00,1192.00,
2017,7,"VX","Virgin America","SFO","San Francisco, CA: San Francisco International",1886.00,493.00,65.44,11.04,195.12,2.56,218.83,8.00,1.00,25168.00,3538.00,661.00,8935.00,118.00,11916.00,
2017,8,"VX","Virgin America","AUS","Austin, TX: Austin - Bergstrom International",58.00,13.00,2.87,0.00,1.27,0.00,8.86,0.00,0.00,771.00,263.00,0.00,78.00,0.00,430.00,
2017,8,"VX","Virgin America","BOS","Boston, MA: Logan International",201.00,57.00,9.98,0.55,22.44,0.00,24.02,0.00,1.00,2817.00,521.00,30.00,1108.00,0.00,1158.00,
2017,8,"VX","Virgin America","DAL","Dallas, TX: Dallas Love Field",357.00,69.00,13.54,2.52,18.88,0.46,33.61,3.00,1.00,3120.00,589.00,192.00,587.00,13.00,1739.00,
2017,8,"VX","Virgin America","DCA","Washington, DC: Ronald Reagan Washington National",116.00,16.00,4.54,0.00,7.46,0.00,4.00,1.00,0.00,786.00,237.00,0.00,343.00,0.00,206.00,
2017,8,"VX","Virgin America","DEN","Denver, CO: Denver International",89.00,33.00,5.10,1.95,7.00,0.00,18.94,0.00,0.00,1726.00,220.00,37.00,402.00,0.00,1067.00,
2017,8,"VX","Virgin America","EWR","Newark, NJ: Newark Liberty International",243.00,95.00,8.00,2.25,56.42,0.00,28.33,1.00,4.00,7191.00,666.00,105.00,4732.00,0.00,1688.00,
2017,8,"VX","Virgin America","FLL","Fort Lauderdale, FL: Fort Lauderdale-Hollywood International",92.00,13.00,6.15,0.00,2.63,0.00,4.22,0.00,0.00,748.00,460.00,0.00,74.00,0.00,214.00,
2017,8,"VX","Virgin America","HNL","Honolulu, HI: Daniel K Inouye International",62.00,11.00,5.38,0.00,0.48,0.00,5.14,0.00,0.00,541.00,217.00,0.00,29.00,0.00,295.00,
2017,8,"VX","Virgin America","IAD","Washington, DC: Washington Dulles International",148.00,43.00,6.60,1.00,12.55,0.00,22.85,1.00,0.00,2637.00,476.00,24.00,734.00,0.00,1403.00,
2017,8,"VX","Virgin America","JFK","New York, NY: John F. Kennedy International",368.00,101.00,21.93,4.55,51.05,0.00,23.47,1.00,4.00,6981.00,1187.00,306.00,4033.00,0.00,1455.00,
2017,8,"VX","Virgin America","LAS","Las Vegas, NV: McCarran International",393.00,124.00,14.74,2.46,41.07,0.44,65.28,3.00,0.00,5746.00,640.00,49.00,1798.00,12.00,3247.00,
2017,8,"VX","Virgin America","LAX","Los Angeles, CA: Los Angeles International",1264.00,343.00,84.46,5.35,131.50,1.13,120.55,7.00,1.00,18796.00,3988.00,296.00,6033.00,208.00,8271.00,
2017,8,"VX","Virgin America","LGA","New York, NY: LaGuardia",66.00,18.00,0.13,0.00,17.00,0.00,0.88,2.00,1.00,1527.00,2.00,0.00,1511.00,0.00,14.00,
2017,8,"VX","Virgin America","MCO","Orlando, FL: Orlando International",62.00,6.00,3.00,0.00,3.00,0.00,0.00,0.00,0.00,240.00,155.00,0.00,85.00,0.00,0.00,
2017,8,"VX","Virgin America","OGG","Kahului, HI: Kahului Airport",66.00,12.00,1.10,0.00,1.95,0.00,8.96,0.00,0.00,885.00,85.00,0.00,87.00,0.00,713.00,
2017,8,"VX","Virgin America","ORD","Chicago, IL: Chicago O'Hare International",149.00,38.00,11.01,1.07,15.33,0.00,10.60,0.00,1.00,1735.00,466.00,27.00,639.00,0.00,603.00,
2017,8,"VX","Virgin America","PDX","Portland, OR: Portland International",89.00,36.00,8.57,0.85,10.64,0.00,15.93,1.00,0.00,1526.00,415.00,17.00,304.00,0.00,790.00,
2017,8,"VX","Virgin America","PHL","Philadelphia, PA: Philadelphia International",1.00,0.00,0.00,0.00,0.00,0.00,0.00,0.00,0.00,0.00,0.00,0.00,0.00,0.00,0.00,
2017,8,"VX","Virgin America","PSP","Palm Springs, CA: Palm Springs International",24.00,14.00,0.63,0.00,4.10,0.00,9.28,0.00,0.00,635.00,23.00,0.00,181.00,0.00,431.00,
2017,8,"VX","Virgin America","SAN","San Diego, CA: San Diego International",179.00,62.00,7.51,0.31,12.43,0.00,41.76,1.00,0.00,3805.00,536.00,8.00,531.00,0.00,2730.00,
2017,8,"VX","Virgin America","SEA","Seattle, WA: Seattle/Tacoma International",218.00,99.00,11.64,0.18,55.06,0.00,32.13,1.00,0.00,4968.00,820.00,7.00,2595.00,0.00,1546.00,
2017,8,"VX","Virgin America","SFO","San Francisco, CA: San Francisco International",1906.00,797.00,95.60,14.82,430.28,0.71,255.59,14.00,3.00,51463.00,6237.00,585.00,28420.00,12.00,16209.00,
2017,9,"VX","Virgin America","AUS","Austin, TX: Austin - Bergstrom International",55.00,8.00,0.04,0.00,1.70,1.00,5.26,0.00,0.00,628.00,4.00,0.00,140.00,121.00,363.00,
2017,9,"VX","Virgin America","BNA","Nashville, TN: Nashville International",26.00,2.00,0.00,0.00,1.00,0.00,1.00,0.00,0.00,42.00,0.00,0.00,23.00,0.00,19.00,
2017,9,"VX","Virgin America","BOS","Boston, MA: Logan International",162.00,31.00,8.50,0.88,17.30,0.00,4.32,1.00,0.00,1400.00,479.00,42.00,688.00,0.00,191.00,
2017,9,"VX","Virgin America","DAL","Dallas, TX: Dallas Love Field",281.00,42.00,8.14,0.64,21.60,0.00,11.62,0.00,0.00,1729.00,442.00,63.00,539.00,0.00,685.00,
2017,9,"VX","Virgin America","DCA","Washington, DC: Ronald Reagan Washington National",111.00,18.00,8.58,0.61,5.85,0.00,2.96,0.00,0.00,587.00,296.00,11.00,168.00,0.00,112.00,
2017,9,"VX","Virgin America","DEN","Denver, CO: Denver International",84.00,19.00,2.34,0.44,6.40,0.00,9.82,0.00,0.00,1070.00,63.00,7.00,226.00,0.00,774.00,
2017,9,"VX","Virgin America","EWR","Newark, NJ: Newark Liberty International",220.00,71.00,17.49,2.03,36.79,0.00,14.69,1.00,1.00,4074.00,1024.00,93.00,2030.00,0.00,927.00,
2017,9,"VX","Virgin America","FLL","Fort Lauderdale, FL: Fort Lauderdale-Hollywood International",84.00,5.00,2.20,0.00,0.20,0.00,2.60,11.00,2.00,146.00,76.00,0.00,5.00,0.00,65.00,
2017,9,"VX","Virgin America","HNL","Honolulu, HI: Daniel K Inouye International",60.00,6.00,2.77,0.00,1.41,0.00,1.81,0.00,0.00,174.00,88.00,0.00,33.00,0.00,53.00,
2017,9,"VX","Virgin America","IAD","Washington, DC: Washington Dulles International",130.00,25.00,6.92,1.40,7.95,0.00,8.73,1.00,0.00,1344.00,405.00,45.00,230.00,0.00,664.00,
2017,9,"VX","Virgin America","IND","Indianapolis, IN: Indianapolis International",5.00,0.00,0.00,0.00,0.00,0.00,0.00,0.00,0.00,0.00,0.00,0.00,0.00,0.00,0.00,
2017,9,"VX","Virgin America","JFK","New York, NY: John F. Kennedy International",343.00,58.00,14.08,1.00,25.58,0.79,16.54,1.00,0.00,3328.00,673.00,23.00,1524.00,19.00,1089.00,
2017,9,"VX","Virgin America","LAS","Las Vegas, NV: McCarran International",354.00,79.00,8.69,2.59,31.62,0.38,35.74,2.00,0.00,4866.00,427.00,150.00,2412.00,6.00,1871.00,
2017,9,"VX","Virgin America","LAX","Los Angeles, CA: Los Angeles International",1242.00,187.00,35.44,5.10,77.13,1.00,68.32,12.00,3.00,9113.00,1456.00,354.00,2670.00,29.00,4604.00,
2017,9,"VX","Virgin America","MCO","Orlando, FL: Orlando International",60.00,5.00,1.13,0.00,3.88,0.00,0.00,6.00,2.00,242.00,29.00,0.00,213.00,0.00,0.00,
2017,9,"VX","Virgin America","MSY","New Orleans, LA: Louis Armstrong New Orleans International",10.00,1.00,0.00,0.00,0.14,0.00,0.86,0.00,0.00,21.00,0.00,0.00,3.00,0.00,18.00,
2017,9,"VX","Virgin America","OGG","Kahului, HI: Kahului Airport",60.00,6.00,1.00,1.00,1.00,1.00,2.00,0.00,0.00,320.00,40.00,42.00,19.00,123.00,96.00,
2017,9,"VX","Virgin America","ORD","Chicago, IL: Chicago O'Hare International",141.00,21.00,2.37,1.65,6.81,0.00,10.17,0.00,0.00,1017.00,228.00,157.00,221.00,0.00,411.00,
2017,9,"VX","Virgin America","PDX","Portland, OR: Portland International",81.00,35.00,6.29,0.44,17.02,0.00,11.25,0.00,0.00,2015.00,523.00,16.00,697.00,0.00,779.00,
2017,9,"VX","Virgin America","PHL","Philadelphia, PA: Philadelphia International",60.00,9.00,3.04,0.00,2.37,0.00,3.59,0.00,0.00,400.00,145.00,0.00,88.00,0.00,167.00,
2017,9,"VX","Virgin America","PSP","Palm Springs, CA: Palm Springs International",59.00,21.00,3.47,2.11,4.36,0.00,11.06,0.00,0.00,864.00,154.00,82.00,150.00,0.00,478.00,
2017,9,"VX","Virgin America","SAN","San Diego, CA: San Diego International",175.00,42.00,9.43,2.38,9.10,0.80,20.28,2.00,0.00,2173.00,450.00,82.00,589.00,100.00,952.00,
2017,9,"VX","Virgin America","SEA","Seattle, WA: Seattle/Tacoma International",144.00,34.00,3.01,0.00,8.22,0.00,22.77,0.00,0.00,1508.00,106.00,0.00,312.00,0.00,1090.00,
2017,9,"VX","Virgin America","SFO","San Francisco, CA: San Francisco International",1861.00,522.00,99.04,3.94,282.37,0.95,135.70,16.00,3.00,30771.00,6449.00,217.00,16230.00,25.00,7850.00,
2017,10,"VX","Virgin America","AUS","Austin, TX: Austin - Bergstrom International",58.00,10.00,1.36,0.00,1.70,0.00,6.94,1.00,0.00,818.00,199.00,0.00,72.00,0.00,547.00,
2017,10,"VX","Virgin America","BNA","Nashville, TN: Nashville International",31.00,5.00,1.33,0.00,0.32,0.00,3.35,0.00,0.00,242.00,74.00,0.00,12.00,0.00,156.00,
2017,10,"VX","Virgin America","BOS","Boston, MA: Logan International",169.00,28.00,6.29,0.00,9.27,0.00,12.44,0.00,0.00,2262.00,616.00,0.00,632.00,0.00,1014.00,
2017,10,"VX","Virgin America","BWI","Baltimore, MD: Baltimore/Washington International Thurgood Marshall",16.00,2.00,0.11,0.00,1.89,0.00,0.00,0.00,0.00,42.00,3.00,0.00,39.00,0.00,0.00,
2017,10,"VX","Virgin America","DAL","Dallas, TX: Dallas Love Field",293.00,50.00,10.85,0.57,11.16,0.00,27.43,2.00,1.00,2780.00,604.00,37.00,277.00,0.00,1862.00,
2017,10,"VX","Virgin America","DCA","Washington, DC: Ronald Reagan Washington National",115.00,39.00,14.73,1.00,6.79,0.65,15.83,0.00,0.00,1982.00,846.00,19.00,191.00,15.00,911.00,
2017,10,"VX","Virgin America","DEN","Denver, CO: Denver International",89.00,20.00,3.10,0.73,2.88,0.00,13.29,1.00,0.00,1592.00,300.00,16.00,156.00,0.00,1120.00,
2017,10,"VX","Virgin America","EWR","Newark, NJ: Newark Liberty International",232.00,66.00,14.44,0.10,36.32,0.00,15.14,4.00,0.00,4159.00,1149.00,4.00,2088.00,0.00,918.00,
2017,10,"VX","Virgin America","FLL","Fort Lauderdale, FL: Fort Lauderdale-Hollywood International",88.00,13.00,6.69,0.00,4.17,0.00,2.14,0.00,0.00,370.00,216.00,0.00,92.00,0.00,62.00,
2017,10,"VX","Virgin America","HNL","Honolulu, HI: Daniel K Inouye International",62.00,25.00,7.06,1.90,6.47,0.00,9.57,0.00,0.00,966.00,363.00,46.00,180.00,0.00,377.00,
2017,10,"VX","Virgin America","IAD","Washington, DC: Washington Dulles International",139.00,23.00,6.99,0.00,2.45,0.00,13.55,0.00,0.00,1202.00,238.00,0.00,137.00,0.00,827.00,
2017,10,"VX","Virgin America","IND","Indianapolis, IN: Indianapolis International",31.00,3.00,0.00,0.00,0.84,0.00,2.16,0.00,0.00,101.00,0.00,0.00,31.00,0.00,70.00,
2017,10,"VX","Virgin America","JFK","New York, NY: John F. Kennedy International",364.00,102.00,10.95,0.01,65.78,0.00,25.26,3.00,0.00,8153.00,594.00,2.00,6127.00,0.00,1430.00,
2017,10,"VX","Virgin America","LAS","Las Vegas, NV: McCarran International",367.00,88.00,7.68,1.08,26.93,0.00,52.31,7.00,0.00,4896.00,504.00,24.00,1387.00,0.00,2981.00,
2017,10,"VX","Virgin America","LAX","Los Angeles, CA: Los Angeles International",1302.00,256.00,66.21,4.69,92.35,0.00,92.75,21.00,2.00,13122.00,3613.00,329.00,3072.00,0.00,6108.00,
2017,10,"VX","Virgin America","MCO","Orlando, FL: Orlando International",62.00,5.00,3.77,0.00,1.23,0.00,0.00,0.00,0.00,305.00,206.00,0.00,99.00,0.00,0.00,
2017,10,"VX","Virgin America","MSY","New Orleans, LA: Louis Armstrong New Orleans International",31.00,2.00,0.00,1.00,0.00,0.00,1.00,0.00,0.00,75.00,0.00,60.00,0.00,0.00,15.00,
2017,10,"VX","Virgin America","OGG","Kahului, HI: Kahului Airport",62.00,9.00,1.28,0.00,1.35,0.00,6.37,0.00,0.00,275.00,24.00,0.00,35.00,0.00,216.00,
2017,10,"VX","Virgin America","ORD","Chicago, IL: Chicago O'Hare International",146.00,33.00,6.24,0.79,14.79,0.00,11.18,2.00,0.00,1912.00,318.00,23.00,914.00,0.00,657.00,
2017,10,"VX","Virgin America","PDX","Portland, OR: Portland International",84.00,35.00,4.39,0.37,13.03,0.00,17.21,3.00,0.00,1860.00,163.00,10.00,463.00,0.00,1224.00,
2017,10,"VX","Virgin America","PHL","Philadelphia, PA: Philadelphia International",62.00,2.00,1.34,0.00,0.54,0.00,0.12,0.00,0.00,114.00,81.00,0.00,25.00,0.00,8.00,
2017,10,"VX","Virgin America","PSP","Palm Springs, CA: Palm Springs International",62.00,27.00,1.94,0.13,5.23,0.00,19.71,1.00,0.00,1714.00,75.00,5.00,215.00,0.00,1419.00,
2017,10,"VX","Virgin America","RDU","Raleigh/Durham, NC: Raleigh-Durham International",13.00,1.00,0.00,0.00,0.07,0.00,0.93,0.00,0.00,89.00,0.00,0.00,6.00,0.00,83.00,
2017,10,"VX","Virgin America","SAN","San Diego, CA: San Diego International",182.00,50.00,5.93,2.00,16.43,0.00,25.64,8.00,0.00,2745.00,228.00,147.00,535.00,0.00,1835.00,
2017,10,"VX","Virgin America","SEA","Seattle, WA: Seattle/Tacoma International",186.00,57.00,3.91,1.00,22.10,0.10,29.89,1.00,0.00,3000.00,171.00,20.00,976.00,12.00,1821.00,
2017,10,"VX","Virgin America","SFO","San Francisco, CA: San Francisco International",2000.00,609.00,89.10,6.98,347.24,2.84,162.83,43.00,9.00,47396.00,5487.00,622.00,30567.00,103.00,10617.00,
2017,11,"VX","Virgin America","AUS","Austin, TX: Austin - Bergstrom International",55.00,10.00,0.59,0.00,5.14,0.00,4.27,0.00,0.00,405.00,25.00,0.00,134.00,0.00,246.00,
2017,11,"VX","Virgin America","BNA","Nashville, TN: Nashville International",30.00,1.00,0.00,0.00,0.27,0.00,0.73,0.00,0.00,149.00,0.00,0.00,40.00,0.00,109.00,
2017,11,"VX","Virgin America","BOS","Boston, MA: Logan International",138.00,15.00,3.63,0.71,4.09,1.00,5.57,1.00,0.00,573.00,161.00,17.00,130.00,17.00,248.00,
2017,11,"VX","Virgin America","BWI","Baltimore, MD: Baltimore/Washington International Thurgood Marshall",30.00,2.00,1.00,0.00,0.02,0.00,0.98,0.00,0.00,88.00,26.00,0.00,1.00,0.00,61.00,
2017,11,"VX","Virgin America","DAL","Dallas, TX: Dallas Love Field",282.00,39.00,8.50,0.06,9.57,0.00,20.87,0.00,0.00,1745.00,416.00,6.00,236.00,0.00,1087.00,
2017,11,"VX","Virgin America","DCA","Washington, DC: Ronald Reagan Washington National",113.00,13.00,4.55,1.18,3.03,0.00,4.24,0.00,0.00,391.00,93.00,26.00,73.00,0.00,199.00,
2017,11,"VX","Virgin America","DEN","Denver, CO: Denver International",86.00,9.00,1.82,0.25,0.43,0.00,6.50,2.00,0.00,432.00,40.00,4.00,30.00,0.00,358.00,
2017,11,"VX","Virgin America","EWR","Newark, NJ: Newark Liberty International",233.00,49.00,13.68,0.00,24.07,0.20,11.05,2.00,0.00,2671.00,587.00,0.00,1508.00,3.00,573.00,
2017,11,"VX","Virgin America","FLL","Fort Lauderdale, FL: Fort Lauderdale-Hollywood International",121.00,19.00,2.61,0.00,10.61,0.00,5.78,0.00,0.00,1010.00,171.00,0.00,378.00,0.00,461.00,
2017,11,"VX","Virgin America","HNL","Honolulu, HI: Daniel K Inouye International",60.00,23.00,3.75,0.00,12.40,0.00,6.85,0.00,1.00,939.00,107.00,0.00,384.00,0.00,448.00,
2017,11,"VX","Virgin America","IAD","Washington, DC: Washington Dulles International",115.00,17.00,7.01,0.11,4.60,0.00,5.28,2.00,0.00,852.00,390.00,4.00,158.00,0.00,300.00,
2017,11,"VX","Virgin America","IND","Indianapolis, IN: Indianapolis International",30.00,3.00,1.87,0.00,1.13,0.00,0.00,1.00,0.00,92.00,74.00,0.00,18.00,0.00,0.00,
2017,11,"VX","Virgin America","JFK","New York, NY: John F. Kennedy International",351.00,51.00,13.64,1.68,12.88,0.27,22.53,4.00,0.00,3281.00,1202.00,28.00,930.00,4.00,1117.00,
2017,11,"VX","Virgin America","LAS","Las Vegas, NV: McCarran International",372.00,72.00,18.43,0.30,18.48,0.00,34.79,4.00,0.00,3838.00,862.00,15.00,735.00,0.00,2226.00,
2017,11,"VX","Virgin America","LAX","Los Angeles, CA: Los Angeles International",1246.00,251.00,54.14,14.97,99.38,5.82,76.68,17.00,9.00,11569.00,2335.00,771.00,3323.00,306.00,4834.00,
2017,11,"VX","Virgin America","MCO","Orlando, FL: Orlando International",60.00,9.00,3.24,0.00,1.46,1.00,3.31,0.00,0.00,416.00,136.00,0.00,39.00,16.00,225.00,
2017,11,"VX","Virgin America","MSY","New Orleans, LA: Louis Armstrong New Orleans International",30.00,4.00,0.00,0.00,1.33,0.00,2.67,0.00,0.00,312.00,0.00,0.00,74.00,0.00,238.00,
2017,11,"VX","Virgin America","OGG","Kahului, HI: Kahului Airport",60.00,27.00,6.89,2.00,16.99,0.00,1.13,0.00,1.00,1332.00,680.00,45.00,589.00,0.00,18.00,
2017,11,"VX","Virgin America","ORD","Chicago, IL: Chicago O'Hare International",142.00,11.00,4.97,0.00,2.24,0.00,3.79,1.00,0.00,470.00,177.00,0.00,63.00,0.00,230.00,
2017,11,"VX","Virgin America","PDX","Portland, OR: Portland International",102.00,19.00,3.27,0.00,4.85,0.00,10.88,0.00,0.00,854.00,119.00,0.00,132.00,0.00,603.00,
2017,11,"VX","Virgin America","PHL","Philadelphia, PA: Philadelphia International",59.00,5.00,1.08,0.00,1.44,0.79,1.68,2.00,0.00,246.00,50.00,0.00,52.00,60.00,84.00,
2017,11,"VX","Virgin America","PSP","Palm Springs, CA: Palm Springs International",89.00,20.00,2.72,1.00,5.06,0.26,10.96,1.00,1.00,1284.00,139.00,47.00,260.00,10.00,828.00,
2017,11,"VX","Virgin America","RDU","Raleigh/Durham, NC: Raleigh-Durham International",30.00,6.00,2.25,0.00,0.56,0.60,2.58,1.00,0.00,283.00,89.00,0.00,16.00,9.00,169.00,
2017,11,"VX","Virgin America","SAN","San Diego, CA: San Diego International",172.00,40.00,6.01,0.00,17.61,0.88,15.50,6.00,0.00,1697.00,254.00,0.00,563.00,36.00,844.00,
2017,11,"VX","Virgin America","SEA","Seattle, WA: Seattle/Tacoma International",147.00,39.00,8.48,0.00,15.78,0.00,14.74,0.00,0.00,2183.00,692.00,0.00,945.00,0.00,546.00,
2017,11,"VX","Virgin America","SFO","San Francisco, CA: San Francisco International",1982.00,514.00,82.55,23.56,316.18,0.07,91.63,33.00,24.00,28772.00,4180.00,861.00,18253.00,7.00,5471.00,
2017,12,"VX","Virgin America","AUS","Austin, TX: Austin - Bergstrom International",56.00,16.00,5.91,0.00,6.09,0.00,3.99,0.00,0.00,685.00,324.00,0.00,147.00,0.00,214.00,
2017,12,"VX","Virgin America","BNA","Nashville, TN: Nashville International",31.00,3.00,2.00,0.00,1.00,0.00,0.00,0.00,0.00,125.00,109.00,0.00,16.00,0.00,0.00,
2017,12,"VX","Virgin America","BOS","Boston, MA: Logan International",126.00,29.00,14.01,0.00,12.99,0.00,1.99,0.00,0.00,1161.00,721.00,0.00,386.00,0.00,54.00,
2017,12,"VX","Virgin America","BWI","Baltimore, MD: Baltimore/Washington International Thurgood Marshall",31.00,4.00,2.65,0.00,1.35,0.00,0.00,0.00,0.00,127.00,86.00,0.00,41.00,0.00,0.00,
2017,12,"VX","Virgin America","DAL","Dallas, TX: Dallas Love Field",294.00,40.00,13.19,1.00,15.50,0.00,10.32,0.00,0.00,1699.00,535.00,29.00,443.00,0.00,692.00,
2017,12,"VX","Virgin America","DCA","Washington, DC: Ronald Reagan Washington National",116.00,13.00,5.72,0.00,4.33,1.00,1.95,0.00,0.00,568.00,184.00,0.00,156.00,30.00,198.00,
2017,12,"VX","Virgin America","DEN","Denver, CO: Denver International",89.00,13.00,2.69,0.00,4.93,0.00,5.38,0.00,0.00,591.00,194.00,0.00,136.00,0.00,261.00,
2017,12,"VX","Virgin America","EWR","Newark, NJ: Newark Liberty International",238.00,74.00,11.88,0.28,52.82,0.00,9.02,1.00,1.00,4034.00,585.00,18.00,2878.00,0.00,553.00,
2017,12,"VX","Virgin America","FLL","Fort Lauderdale, FL: Fort Lauderdale-Hollywood International",124.00,21.00,5.84,0.00,11.84,0.00,3.32,0.00,1.00,858.00,352.00,0.00,352.00,0.00,154.00,
2017,12,"VX","Virgin America","HNL","Honolulu, HI: Daniel K Inouye International",62.00,6.00,2.13,0.00,1.57,0.00,2.31,0.00,0.00,537.00,318.00,0.00,93.00,0.00,126.00,
2017,12,"VX","Virgin America","IAD","Washington, DC: Washington Dulles International",117.00,17.00,3.49,0.00,9.28,0.89,3.34,0.00,0.00,780.00,142.00,0.00,232.00,49.00,357.00,
2017,12,"VX","Virgin America","IND","Indianapolis, IN: Indianapolis International",31.00,9.00,2.96,0.00,6.04,0.00,0.00,0.00,0.00,277.00,158.00,0.00,119.00,0.00,0.00,
2017,12,"VX","Virgin America","JFK","New York, NY: John F. Kennedy International",355.00,52.00,14.47,0.00,31.86,0.00,5.68,1.00,0.00,2156.00,765.00,0.00,1085.00,0.00,306.00,
2017,12,"VX","Virgin America","KOA","Kona, HI: Ellison Onizuka Kona International at Keahole",18.00,3.00,0.00,0.00,1.04,0.00,1.96,0.00,0.00,182.00,0.00,0.00,55.00,0.00,127.00,
2017,12,"VX","Virgin America","LAS","Las Vegas, NV: McCarran International",391.00,47.00,9.72,0.11,13.65,0.00,23.52,2.00,0.00,2293.00,478.00,2.00,430.00,0.00,1383.00,
2017,12,"VX","Virgin America","LAX","Los Angeles, CA: Los Angeles International",1281.00,221.00,83.85,4.21,72.62,1.52,58.80,3.00,8.00,10735.00,4663.00,128.00,2418.00,48.00,3478.00,
2017,12,"VX","Virgin America","MCO","Orlando, FL: Orlando International",62.00,6.00,1.21,0.48,2.20,0.00,2.11,0.00,0.00,204.00,58.00,12.00,50.00,0.00,84.00,
2017,12,"VX","Virgin America","MSY","New Orleans, LA: Louis Armstrong New Orleans International",31.00,7.00,0.93,0.00,3.18,0.00,2.88,1.00,0.00,364.00,56.00,0.00,113.00,0.00,195.00,
2017,12,"VX","Virgin America","OGG","Kahului, HI: Kahului Airport",62.00,5.00,2.00,0.00,2.04,0.00,0.96,0.00,0.00,571.00,494.00,0.00,55.00,0.00,22.00,
2017,12,"VX","Virgin America","ORD","Chicago, IL: Chicago O'Hare International",145.00,49.00,12.69,0.00,27.16,1.13,8.01,0.00,0.00,2343.00,711.00,0.00,1227.00,32.00,373.00,
2017,12,"VX","Virgin America","PDX","Portland, OR: Portland International",124.00,19.00,5.02,0.87,7.73,0.00,5.38,0.00,0.00,1246.00,244.00,13.00,265.00,0.00,724.00,
2017,12,"VX","Virgin America","PHL","Philadelphia, PA: Philadelphia International",60.00,8.00,2.07,0.00,5.60,0.00,0.33,0.00,0.00,191.00,67.00,0.00,110.00,0.00,14.00,
2017,12,"VX","Virgin America","PSP","Palm Springs, CA: Palm Springs International",85.00,12.00,4.27,0.00,2.53,0.00,5.20,2.00,0.00,618.00,287.00,0.00,67.00,0.00,264.00,
2017,12,"VX","Virgin America","RDU","Raleigh/Durham, NC: Raleigh-Durham International",31.00,4.00,2.35,0.00,0.59,0.00,1.07,0.00,0.00,155.00,96.00,0.00,26.00,0.00,33.00,
2017,12,"VX","Virgin America","SAN","San Diego, CA: San Diego International",175.00,24.00,12.28,0.00,7.44,0.00,4.27,1.00,1.00,1331.00,880.00,0.00,220.00,0.00,231.00,
2017,12,"VX","Virgin America","SEA","Seattle, WA: Seattle/Tacoma International",135.00,32.00,8.36,1.00,17.49,0.00,5.15,0.00,0.00,1554.00,586.00,17.00,659.00,0.00,292.00,
2017,12,"VX","Virgin America","SFO","San Francisco, CA: San Francisco International",2036.00,320.00,98.59,6.25,117.94,3.96,93.26,10.00,18.00,15870.00,4646.00,223.00,5013.00,116.00,5872.00,
2018,1,"VX","Virgin America","AUS","Austin, TX: Austin - Bergstrom International",58.00,10.00,4.84,0.00,4.16,0.00,1.00,1.00,0.00,469.00,317.00,0.00,107.00,0.00,45.00,
2018,1,"VX","Virgin America","BNA","Nashville, TN: Nashville International",31.00,3.00,1.00,0.00,1.00,0.00,1.00,0.00,0.00,68.00,18.00,0.00,26.00,0.00,24.00,
2018,1,"VX","Virgin America","BOS","Boston, MA: Logan International",92.00,18.00,3.12,0.00,12.13,0.84,1.92,4.00,0.00,547.00,118.00,0.00,325.00,53.00,51.00,
2018,1,"VX","Virgin America","BWI","Baltimore, MD: Baltimore/Washington International Thurgood Marshall",31.00,0.00,0.00,0.00,0.00,0.00,0.00,0.00,0.00,0.00,0.00,0.00,0.00,0.00,0.00,
2018,1,"VX","Virgin America","DAL","Dallas, TX: Dallas Love Field",283.00,25.00,9.30,0.00,8.23,0.00,7.47,3.00,0.00,1213.00,515.00,0.00,203.00,0.00,495.00,
2018,1,"VX","Virgin America","DCA","Washington, DC: Ronald Reagan Washington National",115.00,14.00,4.07,0.00,6.68,0.00,3.25,1.00,0.00,710.00,111.00,0.00,493.00,0.00,106.00,
2018,1,"VX","Virgin America","DEN","Denver, CO: Denver International",59.00,6.00,2.00,0.00,3.00,0.00,1.00,1.00,0.00,402.00,70.00,0.00,170.00,0.00,162.00,
2018,1,"VX","Virgin America","EWR","Newark, NJ: Newark Liberty International",189.00,49.00,8.36,1.00,37.86,0.00,1.78,7.00,0.00,2551.00,546.00,45.00,1906.00,0.00,54.00,
2018,1,"VX","Virgin America","FLL","Fort Lauderdale, FL: Fort Lauderdale-Hollywood International",114.00,18.00,8.74,0.00,6.69,0.00,2.57,0.00,0.00,590.00,262.00,0.00,225.00,0.00,103.00,
2018,1,"VX","Virgin America","HNL","Honolulu, HI: Daniel K Inouye International",62.00,10.00,2.37,0.00,4.30,0.47,2.86,0.00,0.00,497.00,99.00,0.00,164.00,16.00,218.00,
2018,1,"VX","Virgin America","IAD","Washington, DC: Washington Dulles International",116.00,9.00,4.51,0.00,4.49,0.00,0.00,0.00,0.00,559.00,420.00,0.00,139.00,0.00,0.00,
2018,1,"VX","Virgin America","IND","Indianapolis, IN: Indianapolis International",31.00,4.00,1.14,0.00,2.19,0.00,0.67,0.00,0.00,84.00,22.00,0.00,42.00,0.00,20.00,
2018,1,"VX","Virgin America","JFK","New York, NY: John F. Kennedy International",357.00,53.00,16.15,0.00,29.46,1.38,6.02,20.00,1.00,3131.00,1221.00,0.00,1670.00,51.00,189.00,
2018,1,"VX","Virgin America","KOA","Kona, HI: Ellison Onizuka Kona International at Keahole",31.00,4.00,0.52,0.00,3.48,0.00,0.00,0.00,0.00,114.00,31.00,0.00,83.00,0.00,0.00,
2018,1,"VX","Virgin America","LAS","Las Vegas, NV: McCarran International",354.00,52.00,13.62,0.00,22.03,0.00,16.34,2.00,0.00,3168.00,869.00,0.00,1387.00,0.00,912.00,
2018,1,"VX","Virgin America","LAX","Los Angeles, CA: Los Angeles International",1201.00,138.00,33.65,6.48,60.93,1.21,35.73,24.00,2.00,6633.00,2348.00,243.00,1907.00,59.00,2076.00,
2018,1,"VX","Virgin America","MCO","Orlando, FL: Orlando International",62.00,10.00,1.99,0.00,5.86,0.66,1.49,0.00,0.00,408.00,190.00,0.00,159.00,15.00,44.00,
2018,1,"VX","Virgin America","MSY","New Orleans, LA: Louis Armstrong New Orleans International",31.00,3.00,1.00,0.00,2.00,0.00,0.00,1.00,0.00,77.00,37.00,0.00,40.00,0.00,0.00,
2018,1,"VX","Virgin America","OGG","Kahului, HI: Kahului Airport",62.00,3.00,0.88,0.00,1.51,0.00,0.61,0.00,0.00,111.00,37.00,0.00,54.00,0.00,20.00,
2018,1,"VX","Virgin America","ORD","Chicago, IL: Chicago O'Hare International",69.00,11.00,4.50,0.00,5.86,0.00,0.64,1.00,0.00,415.00,157.00,0.00,229.00,0.00,29.00,
2018,1,"VX","Virgin America","PDX","Portland, OR: Portland International",65.00,9.00,3.69,0.00,1.55,0.00,3.76,0.00,0.00,560.00,226.00,0.00,60.00,0.00,274.00,
2018,1,"VX","Virgin America","PHL","Philadelphia, PA: Philadelphia International",62.00,8.00,1.92,0.00,5.71,0.00,0.37,2.00,0.00,231.00,53.00,0.00,155.00,0.00,23.00,
2018,1,"VX","Virgin America","PSP","Palm Springs, CA: Palm Springs International",101.00,20.00,3.50,1.00,4.16,0.00,11.34,0.00,0.00,813.00,133.00,41.00,202.00,0.00,437.00,
2018,1,"VX","Virgin America","RDU","Raleigh/Durham, NC: Raleigh-Durham International",31.00,5.00,1.49,0.00,2.06,0.00,1.45,1.00,0.00,122.00,41.00,0.00,52.00,0.00,29.00,
2018,1,"VX","Virgin America","SAN","San Diego, CA: San Diego International",161.00,28.00,11.22,0.00,9.34,0.00,7.43,3.00,0.00,1299.00,507.00,0.00,351.00,0.00,441.00,
2018,1,"VX","Virgin America","SEA","Seattle, WA: Seattle/Tacoma International",176.00,29.00,5.90,0.00,10.95,0.00,12.16,1.00,0.00,1001.00,189.00,0.00,300.00,0.00,512.00,
2018,1,"VX","Virgin America","SFO","San Francisco, CA: San Francisco International",1880.00,372.00,68.57,6.79,240.29,2.68,53.67,31.00,3.00,19857.00,4493.00,439.00,11076.00,80.00,3769.00,
2018,2,"VX","Virgin America","AUS","Austin, TX: Austin - Bergstrom International",52.00,7.00,2.41,0.00,2.53,0.00,2.06,0.00,0.00,337.00,126.00,0.00,108.00,0.00,103.00,
2018,2,"VX","Virgin America","BNA","Nashville, TN: Nashville International",28.00,2.00,0.00,0.00,0.60,0.00,1.40,0.00,0.00,43.00,0.00,0.00,15.00,0.00,28.00,
2018,2,"VX","Virgin America","BOS","Boston, MA: Logan International",80.00,3.00,1.00,0.00,2.00,0.00,0.00,0.00,0.00,178.00,115.00,0.00,63.00,0.00,0.00,
2018,2,"VX","Virgin America","BWI","Baltimore, MD: Baltimore/Washington International Thurgood Marshall",28.00,0.00,0.00,0.00,0.00,0.00,0.00,0.00,0.00,0.00,0.00,0.00,0.00,0.00,0.00,
2018,2,"VX","Virgin America","DAL","Dallas, TX: Dallas Love Field",234.00,41.00,12.15,0.00,23.41,0.00,5.44,2.00,0.00,1730.00,728.00,0.00,693.00,0.00,309.00,
2018,2,"VX","Virgin America","DCA","Washington, DC: Ronald Reagan Washington National",82.00,10.00,2.78,0.00,3.96,0.00,3.27,2.00,0.00,509.00,310.00,0.00,103.00,0.00,96.00,
2018,2,"VX","Virgin America","DEN","Denver, CO: Denver International",52.00,10.00,5.75,0.00,3.31,0.00,0.95,0.00,0.00,605.00,444.00,0.00,92.00,0.00,69.00,
2018,2,"VX","Virgin America","EWR","Newark, NJ: Newark Liberty International",166.00,26.00,7.74,0.00,16.35,0.00,1.91,2.00,0.00,1681.00,590.00,0.00,991.00,0.00,100.00,
2018,2,"VX","Virgin America","FLL","Fort Lauderdale, FL: Fort Lauderdale-Hollywood International",100.00,17.00,4.55,0.00,5.86,0.00,6.59,0.00,0.00,675.00,152.00,0.00,163.00,0.00,360.00,
2018,2,"VX","Virgin America","HNL","Honolulu, HI: Daniel K Inouye International",56.00,7.00,4.49,0.00,2.51,0.00,0.00,0.00,0.00,756.00,683.00,0.00,73.00,0.00,0.00,
2018,2,"VX","Virgin America","IAD","Washington, DC: Washington Dulles International",104.00,4.00,3.00,0.00,1.00,0.00,0.00,1.00,0.00,71.00,53.00,0.00,18.00,0.00,0.00,
2018,2,"VX","Virgin America","IND","Indianapolis, IN: Indianapolis International",28.00,1.00,1.00,0.00,0.00,0.00,0.00,2.00,0.00,63.00,63.00,0.00,0.00,0.00,0.00,
2018,2,"VX","Virgin America","JFK","New York, NY: John F. Kennedy International",324.00,41.00,13.37,0.00,18.74,0.00,8.89,1.00,0.00,1845.00,637.00,0.00,649.00,0.00,559.00,
2018,2,"VX","Virgin America","KOA","Kona, HI: Ellison Onizuka Kona International at Keahole",28.00,4.00,2.91,0.00,1.09,0.00,0.00,0.00,1.00,165.00,122.00,0.00,43.00,0.00,0.00,
2018,2,"VX","Virgin America","LAS","Las Vegas, NV: McCarran International",312.00,51.00,14.20,1.54,22.58,1.00,11.68,0.00,0.00,1989.00,818.00,37.00,597.00,28.00,509.00,
2018,2,"VX","Virgin America","LAX","Los Angeles, CA: Los Angeles International",1104.00,177.00,40.91,0.00,99.17,0.00,36.92,4.00,18.00,8263.00,2298.00,0.00,3096.00,0.00,2869.00,
2018,2,"VX","Virgin America","MCO","Orlando, FL: Orlando International",56.00,13.00,3.62,0.00,8.04,0.42,0.92,0.00,0.00,293.00,91.00,0.00,172.00,8.00,22.00,
2018,2,"VX","Virgin America","MSY","New Orleans, LA: Louis Armstrong New Orleans International",30.00,3.00,0.10,0.00,0.69,0.00,2.21,1.00,0.00,206.00,10.00,0.00,22.00,0.00,174.00,
2018,2,"VX","Virgin America","OGG","Kahului, HI: Kahului Airport",56.00,4.00,1.00,0.00,2.00,0.00,1.00,0.00,0.00,127.00,55.00,0.00,38.00,0.00,34.00,
2018,2,"VX","Virgin America","ORD","Chicago, IL: Chicago O'Hare International",56.00,10.00,3.45,0.00,5.55,0.00,1.00,0.00,0.00,875.00,255.00,0.00,570.00,0.00,50.00,
2018,2,"VX","Virgin America","PDX","Portland, OR: Portland International",57.00,12.00,2.77,0.00,6.28,0.00,2.95,0.00,0.00,528.00,194.00,0.00,162.00,0.00,172.00,
2018,2,"VX","Virgin America","PHL","Philadelphia, PA: Philadelphia International",56.00,0.00,0.00,0.00,0.00,0.00,0.00,0.00,0.00,0.00,0.00,0.00,0.00,0.00,0.00,
2018,2,"VX","Virgin America","PSP","Palm Springs, CA: Palm Springs International",92.00,15.00,3.85,0.00,4.14,0.00,7.02,1.00,0.00,556.00,163.00,0.00,105.00,0.00,288.00,
2018,2,"VX","Virgin America","RDU","Raleigh/Durham, NC: Raleigh-Durham International",28.00,0.00,0.00,0.00,0.00,0.00,0.00,0.00,0.00,0.00,0.00,0.00,0.00,0.00,0.00,
2018,2,"VX","Virgin America","SAN","San Diego, CA: San Diego International",150.00,21.00,3.65,0.00,11.09,0.00,6.26,0.00,0.00,744.00,150.00,0.00,392.00,0.00,202.00,
2018,2,"VX","Virgin America","SEA","Seattle, WA: Seattle/Tacoma International",228.00,67.00,20.45,0.00,28.85,0.00,17.70,1.00,0.00,3479.00,1159.00,0.00,1013.00,0.00,1307.00,
2018,2,"VX","Virgin America","SFO","San Francisco, CA: San Francisco International",1735.00,341.00,70.06,1.20,200.20,1.14,68.40,10.00,39.00,16835.00,3789.00,58.00,8393.00,34.00,4561.00,
2018,3,"VX","Virgin America","AUS","Austin, TX: Austin - Bergstrom International",58.00,14.00,6.83,0.00,3.76,0.00,3.41,1.00,0.00,1120.00,657.00,0.00,239.00,0.00,224.00,
2018,3,"VX","Virgin America","BNA","Nashville, TN: Nashville International",31.00,6.00,3.08,0.00,0.00,0.00,2.92,1.00,0.00,480.00,193.00,0.00,0.00,0.00,287.00,
2018,3,"VX","Virgin America","BOS","Boston, MA: Logan International",111.00,16.00,7.61,0.57,4.92,0.00,2.90,9.00,0.00,913.00,371.00,43.00,289.00,0.00,210.00,
2018,3,"VX","Virgin America","BWI","Baltimore, MD: Baltimore/Washington International Thurgood Marshall",31.00,4.00,3.00,0.00,1.00,0.00,0.00,5.00,0.00,160.00,130.00,0.00,30.00,0.00,0.00,
2018,3,"VX","Virgin America","DAL","Dallas, TX: Dallas Love Field",195.00,46.00,9.64,0.00,17.29,0.00,19.07,3.00,0.00,2120.00,577.00,0.00,530.00,0.00,1013.00,
2018,3,"VX","Virgin America","DCA","Washington, DC: Ronald Reagan Washington National",40.00,5.00,2.63,0.00,2.37,0.00,0.00,4.00,0.00,133.00,69.00,0.00,64.00,0.00,0.00,
2018,3,"VX","Virgin America","DEN","Denver, CO: Denver International",60.00,14.00,4.97,0.00,3.84,0.00,5.19,0.00,0.00,740.00,170.00,0.00,164.00,0.00,406.00,
2018,3,"VX","Virgin America","EWR","Newark, NJ: Newark Liberty International",198.00,43.00,14.95,0.99,22.79,0.00,4.26,19.00,0.00,2858.00,840.00,114.00,1625.00,0.00,279.00,
2018,3,"VX","Virgin America","FLL","Fort Lauderdale, FL: Fort Lauderdale-Hollywood International",117.00,17.00,6.00,0.00,4.90,0.34,5.76,2.00,0.00,935.00,369.00,0.00,275.00,12.00,279.00,
2018,3,"VX","Virgin America","HNL","Honolulu, HI: Daniel K Inouye International",62.00,31.00,7.26,0.00,19.55,0.00,4.19,1.00,1.00,1923.00,917.00,0.00,779.00,0.00,227.00,
2018,3,"VX","Virgin America","IAD","Washington, DC: Washington Dulles International",120.00,17.00,5.38,0.00,2.66,0.00,8.95,6.00,0.00,800.00,268.00,0.00,157.00,0.00,375.00,
2018,3,"VX","Virgin America","IND","Indianapolis, IN: Indianapolis International",31.00,1.00,1.00,0.00,0.00,0.00,0.00,2.00,0.00,52.00,52.00,0.00,0.00,0.00,0.00,
2018,3,"VX","Virgin America","JFK","New York, NY: John F. Kennedy International",360.00,59.00,22.45,1.84,13.15,1.00,20.55,19.00,2.00,3763.00,1342.00,187.00,893.00,64.00,1277.00,
2018,3,"VX","Virgin America","KOA","Kona, HI: Ellison Onizuka Kona International at Keahole",31.00,20.00,1.83,0.00,17.22,0.00,0.96,1.00,0.00,895.00,80.00,0.00,600.00,0.00,215.00,
2018,3,"VX","Virgin America","LAS","Las Vegas, NV: McCarran International",364.00,79.00,24.19,0.65,18.42,0.09,35.65,12.00,0.00,4755.00,1584.00,15.00,888.00,5.00,2263.00,
2018,3,"VX","Virgin America","LAX","Los Angeles, CA: Los Angeles International",1335.00,311.00,61.87,1.32,160.86,1.38,85.57,52.00,1.00,15993.00,3981.00,28.00,6028.00,36.00,5920.00,
2018,3,"VX","Virgin America","MCO","Orlando, FL: Orlando International",62.00,7.00,4.00,0.00,1.05,0.00,1.95,1.00,1.00,461.00,302.00,0.00,42.00,0.00,117.00,
2018,3,"VX","Virgin America","MSY","New Orleans, LA: Louis Armstrong New Orleans International",31.00,5.00,2.80,0.00,1.31,0.00,0.90,0.00,0.00,277.00,120.00,0.00,59.00,0.00,98.00,
2018,3,"VX","Virgin America","OGG","Kahului, HI: Kahului Airport",86.00,31.00,4.14,0.00,23.12,0.00,3.74,6.00,5.00,1368.00,204.00,0.00,829.00,0.00,335.00,
2018,3,"VX","Virgin America","ORD","Chicago, IL: Chicago O'Hare International",83.00,17.00,7.45,0.00,5.00,0.00,4.56,0.00,0.00,942.00,469.00,0.00,162.00,0.00,311.00,
2018,3,"VX","Virgin America","PDX","Portland, OR: Portland International",169.00,36.00,10.97,0.00,13.82,1.00,10.21,10.00,0.00,2689.00,1422.00,0.00,436.00,96.00,735.00,
2018,3,"VX","Virgin America","PHL","Philadelphia, PA: Philadelphia International",61.00,6.00,4.00,0.00,1.00,0.00,1.00,6.00,0.00,410.00,370.00,0.00,17.00,0.00,23.00,
2018,3,"VX","Virgin America","PSP","Palm Springs, CA: Palm Springs International",106.00,32.00,10.46,0.00,8.48,0.00,13.06,5.00,0.00,1599.00,641.00,0.00,212.00,0.00,746.00,
2018,3,"VX","Virgin America","RDU","Raleigh/Durham, NC: Raleigh-Durham International",31.00,4.00,0.00,0.00,0.92,0.44,2.65,0.00,0.00,166.00,0.00,0.00,24.00,14.00,128.00,
2018,3,"VX","Virgin America","SAN","San Diego, CA: San Diego International",172.00,47.00,14.44,0.00,14.11,0.00,18.45,13.00,0.00,2447.00,1019.00,0.00,517.00,0.00,911.00,
2018,3,"VX","Virgin America","SEA","Seattle, WA: Seattle/Tacoma International",443.00,125.00,40.96,0.00,51.90,1.25,30.88,13.00,0.00,6701.00,2689.00,0.00,1608.00,26.00,2378.00,
2018,3,"VX","Virgin America","SFO","San Francisco, CA: San Francisco International",2136.00,649.00,103.36,4.07,380.03,3.85,157.69,112.00,10.00,42967.00,8218.00,574.00,25285.00,204.00,8686.00,
